churn_event_id,account_id,churn_date,is_reactivation,event_taxonomy,event_sequence_validity,contractual_support,contractual_support_basis,active_subscriptions_at_event,active_subscriptions_day_before,active_subscriptions_day_after,active_mrr_record_sum_proxy,subscription_end_same_day,subscription_end_within_1d,subscription_end_within_7d,subscription_end_within_14d,subscription_end_within_30d,subscription_start_same_day,subscription_start_within_1d,subscription_start_within_7d,subscription_start_within_14d,subscription_start_within_30d,nearest_subscription_end_gap_days,nearest_subscription_start_gap_days
C-5689de,A-00bed1,2024-01-03,False,VALID_CHURN_TRANSITION,EVENT_SEQUENCE_VALID,CONTRACT_AMBIGUOUS,subscription_end,1,1,1,1159.0,0,0,0,0,0,0,0,0,0,0,,-48.0
C-1e0b1a,A-016043,2024-08-11,False,VALID_CHURN_TRANSITION,EVENT_SEQUENCE_VALID,CONTRACT_AMBIGUOUS,subscription_end,1,1,1,114.0,0,0,0,0,0,0,0,0,1,1,132.0,-9.0
C-2a64c7,A-029f69,2024-06-17,False,VALID_CHURN_TRANSITION,EVENT_SEQUENCE_VALID,CONTRACT_AMBIGUOUS,subscription_end,2,2,2,6050.0,0,0,0,0,0,0,0,0,0,1,67.0,-24.0
C-0340b2,A-029f69,2024-10-31,False,REPEATED_CHURN_WHILE_CHURNED,EVENT_SEQUENCE_INVALID,CONTRACT_AMBIGUOUS,subscription_end,7,7,7,10955.0,0,0,0,0,1,0,0,0,3,4,16.0,8.0
C-10ce15,A-029f69,2024-12-14,False,REPEATED_CHURN_WHILE_CHURNED,EVENT_SEQUENCE_INVALID,CONTRACT_AMBIGUOUS,subscription_end,12,11,12,12678.0,0,0,0,0,1,1,1,2,3,4,-28.0,0.0
C-c66a6c,A-02cd81,2024-04-30,False,VALID_CHURN_TRANSITION,EVENT_SEQUENCE_VALID,CONTRACT_AMBIGUOUS,subscription_end,4,4,4,1672.0,0,0,0,0,0,0,0,2,4,6,95.0,4.0
C-6d80a6,A-02fac6,2024-08-21,False,VALID_CHURN_TRANSITION,EVENT_SEQUENCE_VALID,CONTRACT_AMBIGUOUS,subscription_end,6,6,6,15080.0,0,0,0,0,0,0,0,0,0,2,,20.0
C-8b3048,A-034368,2024-08-29,False,VALID_CHURN_TRANSITION,EVENT_SEQUENCE_VALID,CONTRACT_AMBIGUOUS,subscription_end,2,2,2,494.0,0,0,0,0,0,0,0,0,0,0,,46.0
C-ffc2b8,A-0354fe,2024-11-15,False,VALID_CHURN_TRANSITION,EVENT_SEQUENCE_VALID,CONTRACT_SUPPORTED,subscription_end,3,2,4,7412.0,0,0,1,1,1,1,2,2,5,7,5.0,0.0
C-ac853d,A-0354fe,2024-11-26,False,REPEATED_CHURN_WHILE_CHURNED,EVENT_SEQUENCE_INVALID,CONTRACT_SUPPORTED,subscription_end,4,4,4,8058.0,0,0,1,1,1,0,0,1,5,7,-6.0,-3.0
C-89198d,A-038089,2024-10-21,False,VALID_CHURN_TRANSITION,EVENT_SEQUENCE_VALID,CONTRACT_AMBIGUOUS,subscription_end,2,2,2,2009.0,0,0,0,0,0,0,0,0,0,0,,70.0
C-7aa94d,A-038089,2024-12-25,False,REPEATED_CHURN_WHILE_CHURNED,EVENT_SEQUENCE_INVALID,CONTRACT_AMBIGUOUS,subscription_end,2,2,2,2009.0,0,0,0,0,0,0,0,1,1,1,,5.0
C-70de89,A-039727,2024-12-22,False,VALID_CHURN_TRANSITION,EVENT_SEQUENCE_VALID,CONTRACT_AMBIGUOUS,subscription_end,15,15,15,36420.0,0,0,0,1,1,0,0,4,6,10,8.0,-3.0
C-2fb169,A-0532a9,2024-10-09,False,VALID_CHURN_TRANSITION,EVENT_SEQUENCE_VALID,CONTRACT_AMBIGUOUS,subscription_end,3,3,3,1653.0,0,0,0,0,0,0,0,2,4,4,,-4.0
C-4c523f,A-05d3b3,2024-03-12,False,VALID_CHURN_TRANSITION,EVENT_SEQUENCE_VALID,CONTRACT_AMBIGUOUS,subscription_end,8,8,8,7761.0,0,0,0,0,0,0,0,0,0,0,153.0,-37.0
C-8f8593,A-05d3b3,2024-09-09,False,REPEATED_CHURN_WHILE_CHURNED,EVENT_SEQUENCE_INVALID,CONTRACT_AMBIGUOUS,subscription_end,9,9,10,8202.0,0,0,0,0,1,0,1,1,1,4,-28.0,1.0
C-307676,A-05f0e5,2024-01-14,False,VALID_CHURN_TRANSITION,EVENT_SEQUENCE_VALID,CONTRACT_AMBIGUOUS,subscription_end,4,4,4,9838.0,0,0,0,0,0,0,0,0,0,0,,45.0
C-dfe189,A-05f0e5,2024-11-25,False,REPEATED_CHURN_WHILE_CHURNED,EVENT_SEQUENCE_INVALID,CONTRACT_AMBIGUOUS,subscription_end,12,12,12,51109.0,0,0,0,0,0,0,0,1,1,1,,-2.0
C-8a2d9d,A-0651a4,2024-11-22,False,VALID_CHURN_TRANSITION,EVENT_SEQUENCE_VALID,CONTRACT_AMBIGUOUS,subscription_end,4,4,4,19209.0,0,0,0,0,0,0,0,3,6,13,31.0,2.0
C-775d4e,A-0651a4,2024-12-25,False,REPEATED_CHURN_WHILE_CHURNED,EVENT_SEQUENCE_INVALID,CONTRACT_SUPPORTED,subscription_end,14,13,14,44564.0,0,0,1,1,1,1,1,4,7,10,-2.0,0.0
C-370962,A-075038,2024-09-05,False,VALID_CHURN_TRANSITION,EVENT_SEQUENCE_VALID,CONTRACT_AMBIGUOUS,subscription_end,13,13,13,18111.0,0,0,0,0,0,0,0,0,0,2,,-17.0
C-cb924b,A-089363,2023-11-27,False,VALID_CHURN_TRANSITION,EVENT_SEQUENCE_VALID,CONTRACT_AMBIGUOUS,subscription_end,3,3,3,858.0,0,0,0,0,0,0,0,0,0,1,366.0,-23.0
C-dcdebc,A-08e34e,2024-07-13,False,VALID_CHURN_TRANSITION,EVENT_SEQUENCE_VALID,CONTRACT_AMBIGUOUS,subscription_end,2,2,2,686.0,0,0,0,0,0,0,0,0,2,4,,-11.0
C-09b7c7,A-08e34e,2024-09-01,False,REPEATED_CHURN_WHILE_CHURNED,EVENT_SEQUENCE_INVALID,CONTRACT_AMBIGUOUS,subscription_end,5,4,6,8805.0,0,0,0,0,0,1,2,2,2,5,,0.0
C-6cbc28,A-09316c,2024-12-05,False,VALID_CHURN_TRANSITION,EVENT_SEQUENCE_VALID,CONTRACT_AMBIGUOUS,subscription_end,8,8,8,40810.0,0,0,0,0,0,0,0,2,4,7,,2.0
C-d4c4c6,A-09540c,2024-03-05,False,INVALID_EVENT_TIME,EVENT_SEQUENCE_INVALID,CONTRACT_UNSUPPORTED,subscription_end,0,0,0,0.0,0,0,0,0,0,0,0,0,0,0,269.0,37.0
C-a65f7c,A-098560,2024-05-30,False,VALID_CHURN_TRANSITION,EVENT_SEQUENCE_VALID,CONTRACT_AMBIGUOUS,subscription_end,5,5,5,3718.0,0,0,0,0,0,0,0,0,0,0,144.0,-31.0
C-025044,A-098560,2024-09-04,False,REPEATED_CHURN_WHILE_CHURNED,EVENT_SEQUENCE_INVALID,CONTRACT_AMBIGUOUS,subscription_end,8,8,9,10637.0,0,0,0,0,0,0,1,2,2,2,47.0,1.0
C-100b97,A-0a282f,2024-10-06,False,VALID_CHURN_TRANSITION,EVENT_SEQUENCE_VALID,CONTRACT_AMBIGUOUS,subscription_end,2,1,3,1954.0,0,0,0,1,1,1,2,5,7,9,-11.0,0.0
C-484fba,A-0a282f,2024-12-31,False,REPEATED_CHURN_WHILE_CHURNED,EVENT_SEQUENCE_INVALID,CONTRACT_SUPPORTED,subscription_end,12,12,12,13311.0,0,0,1,1,2,0,0,2,4,4,-3.0,-4.0
C-b5bb09,A-0a62f5,2024-09-27,False,VALID_CHURN_TRANSITION,EVENT_SEQUENCE_VALID,CONTRACT_AMBIGUOUS,subscription_end,1,1,1,3184.0,0,0,0,0,0,0,0,0,1,2,,-11.0
C-9328ba,A-0a62f5,2024-10-10,False,REPEATED_CHURN_WHILE_CHURNED,EVENT_SEQUENCE_INVALID,CONTRACT_AMBIGUOUS,subscription_end,1,1,1,3184.0,0,0,0,0,0,0,0,0,1,2,,13.0
C-105c4c,A-0a62f5,2024-12-07,False,REPEATED_CHURN_WHILE_CHURNED,EVENT_SEQUENCE_INVALID,CONTRACT_AMBIGUOUS,subscription_end,3,3,3,4386.0,0,0,0,0,0,0,1,1,2,2,,-1.0
C-7e1bbd,A-0a62f5,2024-12-18,False,REPEATED_CHURN_WHILE_CHURNED,EVENT_SEQUENCE_INVALID,CONTRACT_AMBIGUOUS,subscription_end,3,3,3,4386.0,0,0,0,0,0,0,0,1,2,2,,3.0
C-b3d895,A-0a62f5,2024-12-27,False,REPEATED_CHURN_WHILE_CHURNED,EVENT_SEQUENCE_INVALID,CONTRACT_AMBIGUOUS,subscription_end,4,4,4,4861.0,0,0,0,0,0,0,0,1,1,2,,-6.0
C-5328d6,A-0b0d6d,2024-12-31,False,VALID_CHURN_TRANSITION,EVENT_SEQUENCE_VALID,CONTRACT_SUPPORTED,subscription_end,13,5,11,33491.0,2,2,2,2,2,8,13,13,13,13,0.0,0.0
C-887a83,A-0baac2,2024-07-15,False,VALID_CHURN_TRANSITION,EVENT_SEQUENCE_VALID,CONTRACT_AMBIGUOUS,subscription_end,1,1,1,5771.0,0,0,0,0,0,0,0,0,0,0,60.0,-43.0
C-38ef8e,A-0baac2,2024-09-30,False,REPEATED_CHURN_WHILE_CHURNED,EVENT_SEQUENCE_INVALID,CONTRACT_AMBIGUOUS,subscription_end,0,0,0,0.0,0,0,0,0,1,0,0,0,1,2,-17.0,14.0
C-0f75be,A-0baac2,2024-10-18,False,REPEATED_CHURN_WHILE_CHURNED,EVENT_SEQUENCE_INVALID,CONTRACT_AMBIGUOUS,subscription_end,1,1,1,627.0,0,0,0,0,0,0,0,1,2,2,-35.0,-4.0
C-366a49,A-0baac2,2024-12-24,False,REPEATED_CHURN_WHILE_CHURNED,EVENT_SEQUENCE_INVALID,CONTRACT_AMBIGUOUS,subscription_end,4,4,4,9943.0,0,0,0,1,1,0,0,0,3,3,-12.0,-13.0
C-eb8f3d,A-0be015,2024-12-13,False,VALID_CHURN_TRANSITION,EVENT_SEQUENCE_VALID,CONTRACT_AMBIGUOUS,subscription_end,2,2,2,817.0,0,0,0,0,0,0,0,0,1,3,-31.0,11.0
C-55f4ec,A-0cc442,2024-07-20,False,INVALID_EVENT_TIME,EVENT_SEQUENCE_INVALID,CONTRACT_UNSUPPORTED,subscription_end,0,0,0,0.0,0,0,0,0,0,0,0,1,1,2,95.0,7.0
C-08b126,A-0cc442,2024-09-26,True,INVALID_REACTIVATION_WHILE_ACTIVE,EVENT_SEQUENCE_INVALID,CONTRACT_SUPPORTED,subscription_start,7,7,7,31517.0,0,0,0,0,1,0,2,2,6,8,27.0,-1.0
C-020446,A-0cc442,2024-10-06,True,INVALID_REACTIVATION_WHILE_ACTIVE,EVENT_SEQUENCE_INVALID,CONTRACT_SUPPORTED,subscription_start,9,8,9,34215.0,0,0,0,0,2,1,1,2,4,8,17.0,0.0
C-47694c,A-0cc442,2024-10-23,False,VALID_CHURN_TRANSITION,EVENT_SEQUENCE_VALID,CONTRACT_SUPPORTED,subscription_end,10,10,9,35070.0,1,1,2,2,2,0,0,1,2,7,0.0,-2.0
C-aad0f7,A-0dbdc6,2023-11-26,False,VALID_CHURN_TRANSITION,EVENT_SEQUENCE_VALID,CONTRACT_AMBIGUOUS,subscription_end,2,2,2,570.0,0,0,0,0,0,0,0,0,0,1,,-22.0
C-c8f7b4,A-0dbdc6,2024-04-14,False,REPEATED_CHURN_WHILE_CHURNED,EVENT_SEQUENCE_INVALID,CONTRACT_AMBIGUOUS,subscription_end,3,3,3,1140.0,0,0,0,0,0,0,0,0,1,2,,10.0
C-59d7bd,A-0f3e88,2024-08-11,False,VALID_CHURN_TRANSITION,EVENT_SEQUENCE_VALID,CONTRACT_AMBIGUOUS,subscription_end,7,7,7,4749.0,0,0,0,0,0,0,0,0,0,0,134.0,-54.0
C-3b7c60,A-0f6450,2024-12-29,False,VALID_CHURN_TRANSITION,EVENT_SEQUENCE_VALID,CONTRACT_AMBIGUOUS,subscription_end,6,5,8,9380.0,0,0,0,0,0,1,6,11,11,11,,0.0
C-ef2329,A-0f6450,2024-12-30,False,REPEATED_CHURN_WHILE_CHURNED,EVENT_SEQUENCE_INVALID,CONTRACT_AMBIGUOUS,subscription_end,8,6,11,12124.0,0,0,0,0,0,2,6,11,11,11,,0.0
C-75fdd6,A-0f7d77,2024-11-09,True,INVALID_EVENT_TIME,EVENT_SEQUENCE_INVALID,CONTRACT_SUPPORTED,subscription_start,0,0,0,0.0,0,0,0,0,0,0,0,1,1,4,52.0,2.0
C-1a5a14,A-104f1a,2024-09-06,False,VALID_CHURN_TRANSITION,EVENT_SEQUENCE_VALID,CONTRACT_AMBIGUOUS,subscription_end,2,2,2,7987.0,0,0,0,0,0,0,1,2,2,3,83.0,-1.0
C-a4a4a7,A-104f1a,2024-09-09,False,REPEATED_CHURN_WHILE_CHURNED,EVENT_SEQUENCE_INVALID,CONTRACT_AMBIGUOUS,subscription_end,2,2,2,7987.0,0,0,0,0,0,0,0,2,2,3,80.0,-4.0
C-6b9663,A-104f1a,2024-12-11,False,REPEATED_CHURN_WHILE_CHURNED,EVENT_SEQUENCE_INVALID,CONTRACT_AMBIGUOUS,subscription_end,5,5,5,4768.0,0,0,0,1,1,0,1,2,3,4,-13.0,-1.0
C-577ffa,A-10b8f2,2024-06-04,False,VALID_CHURN_TRANSITION,EVENT_SEQUENCE_VALID,CONTRACT_AMBIGUOUS,subscription_end,10,10,10,28367.0,0,0,0,0,0,0,0,0,0,0,,-39.0
C-f7846a,A-117171,2024-10-13,False,VALID_CHURN_TRANSITION,EVENT_SEQUENCE_VALID,CONTRACT_AMBIGUOUS,subscription_end,1,1,1,8955.0,0,0,0,0,0,0,0,1,2,3,65.0,7.0
C-2d4533,A-117171,2024-10-22,False,REPEATED_CHURN_WHILE_CHURNED,EVENT_SEQUENCE_INVALID,CONTRACT_AMBIGUOUS,subscription_end,2,2,2,8955.0,0,0,0,0,0,0,0,1,1,3,56.0,-2.0
C-f0bd80,A-117171,2024-11-14,False,REPEATED_CHURN_WHILE_CHURNED,EVENT_SEQUENCE_INVALID,CONTRACT_AMBIGUOUS,subscription_end,3,3,3,9810.0,0,0,0,0,0,0,0,1,2,4,33.0,-3.0
C-4b071b,A-118d55,2024-11-25,False,VALID_CHURN_TRANSITION,EVENT_SEQUENCE_VALID,CONTRACT_AMBIGUOUS,subscription_end,4,4,4,12225.0,0,0,0,0,0,0,1,3,5,9,36.0,-1.0
C-fba952,A-118d55,2024-12-27,False,REPEATED_CHURN_WHILE_CHURNED,EVENT_SEQUENCE_INVALID,CONTRACT_SUPPORTED,subscription_end,11,9,11,18148.0,0,0,1,1,1,2,2,6,6,8,4.0,0.0
C-d9a1f3,A-118f1c,2024-12-17,False,VALID_CHURN_TRANSITION,EVENT_SEQUENCE_VALID,CONTRACT_AMBIGUOUS,subscription_end,4,4,4,19104.0,0,0,0,2,2,0,0,5,6,6,9.0,4.0
C-4d517f,A-13466a,2023-11-18,False,VALID_CHURN_TRANSITION,EVENT_SEQUENCE_VALID,CONTRACT_AMBIGUOUS,subscription_end,1,0,1,38.0,0,0,0,0,0,1,1,1,1,1,218.0,0.0
C-7cd070,A-13466a,2024-04-18,True,VALID_REACTIVATION_TRANSITION,EVENT_SEQUENCE_VALID,CONTRACT_SUPPORTED,subscription_start,2,2,2,7998.0,0,0,0,0,0,0,0,1,1,1,66.0,2.0
C-ae25d5,A-149a69,2024-12-04,False,INVALID_EVENT_TIME,EVENT_SEQUENCE_INVALID,CONTRACT_UNSUPPORTED,subscription_end,0,0,1,0.0,0,0,0,0,0,0,1,1,2,3,,1.0
C-b6549a,A-151c9a,2023-11-04,False,VALID_CHURN_TRANSITION,EVENT_SEQUENCE_VALID,CONTRACT_AMBIGUOUS,subscription_end,2,2,2,2548.0,0,0,0,0,0,0,0,0,0,0,,98.0
C-9f95d3,A-157070,2024-01-06,False,VALID_CHURN_TRANSITION,EVENT_SEQUENCE_VALID,CONTRACT_AMBIGUOUS,subscription_end,1,1,1,323.0,0,0,0,0,0,0,0,0,0,2,100.0,20.0
C-9fe257,A-157070,2024-12-27,False,REPEATED_CHURN_WHILE_CHURNED,EVENT_SEQUENCE_INVALID,CONTRACT_SUPPORTED,subscription_end,12,13,12,22395.0,0,1,2,2,2,0,0,0,1,2,-1.0,-9.0
C-a72f7f,A-158f4e,2023-03-05,False,INVALID_EVENT_TIME,EVENT_SEQUENCE_INVALID,CONTRACT_UNSUPPORTED,subscription_end,0,0,0,0.0,0,0,0,0,0,0,0,0,0,0,437.0,89.0
C-c9b84b,A-158f4e,2024-12-04,False,VALID_CHURN_TRANSITION,EVENT_SEQUENCE_VALID,CONTRACT_AMBIGUOUS,subscription_end,11,11,11,42700.0,0,0,0,0,0,0,0,0,1,2,-203.0,-11.0
C-eaa652,A-1619f8,2024-06-03,False,INVALID_EVENT_TIME,EVENT_SEQUENCE_INVALID,CONTRACT_UNSUPPORTED,subscription_end,0,0,0,0.0,0,0,0,0,0,0,0,2,2,2,,6.0
C-533d1c,A-1619f8,2024-07-19,False,VALID_CHURN_TRANSITION,EVENT_SEQUENCE_VALID,CONTRACT_AMBIGUOUS,subscription_end,2,2,2,10945.0,0,0,0,0,0,0,0,1,1,1,,2.0
C-f78dc9,A-1619f8,2024-09-21,False,REPEATED_CHURN_WHILE_CHURNED,EVENT_SEQUENCE_INVALID,CONTRACT_AMBIGUOUS,subscription_end,3,3,3,11496.0,0,0,0,0,0,0,0,0,0,0,,45.0
C-e582ea,A-180abf,2023-12-04,False,VALID_CHURN_TRANSITION,EVENT_SEQUENCE_VALID,CONTRACT_AMBIGUOUS,subscription_end,0,0,0,0.0,0,0,0,0,1,0,0,0,0,0,-28.0,44.0
C-2b7d9b,A-180abf,2024-03-09,False,REPEATED_CHURN_WHILE_CHURNED,EVENT_SEQUENCE_INVALID,CONTRACT_AMBIGUOUS,subscription_end,2,2,2,3136.0,0,0,0,0,0,0,0,0,0,1,41.0,-19.0
C-e41103,A-180abf,2024-05-04,False,REPEATED_CHURN_WHILE_CHURNED,EVENT_SEQUENCE_INVALID,CONTRACT_AMBIGUOUS,subscription_end,2,2,2,15872.0,0,0,0,0,1,0,0,0,0,1,-15.0,-18.0
C-6a6704,A-180abf,2024-05-08,False,REPEATED_CHURN_WHILE_CHURNED,EVENT_SEQUENCE_INVALID,CONTRACT_AMBIGUOUS,subscription_end,2,2,2,15872.0,0,0,0,0,1,0,0,0,0,1,-19.0,-22.0
C-fab429,A-180abf,2024-09-12,False,REPEATED_CHURN_WHILE_CHURNED,EVENT_SEQUENCE_INVALID,CONTRACT_AMBIGUOUS,subscription_end,3,3,3,17088.0,0,0,0,0,0,0,0,0,0,0,-146.0,58.0
C-23df1e,A-18793f,2024-12-30,False,VALID_CHURN_TRANSITION,EVENT_SEQUENCE_VALID,CONTRACT_SUPPORTED,subscription_end,10,10,10,75776.0,0,1,1,1,1,1,3,7,11,11,-1.0,0.0
C-de3fd0,A-19b2c8,2024-08-16,False,VALID_CHURN_TRANSITION,EVENT_SEQUENCE_VALID,CONTRACT_AMBIGUOUS,subscription_end,11,11,11,22723.0,0,0,0,0,0,0,0,0,1,2,,14.0
C-488b42,A-1b707d,2023-07-21,True,INVALID_EVENT_TIME,EVENT_SEQUENCE_INVALID,CONTRACT_UNSUPPORTED,subscription_start,0,0,0,0.0,0,0,0,0,0,0,0,0,0,0,359.0,116.0
C-0b2d8c,A-1b9609,2024-01-02,False,VALID_CHURN_TRANSITION,EVENT_SEQUENCE_VALID,CONTRACT_AMBIGUOUS,subscription_end,2,2,2,930.0,0,0,0,0,0,0,0,0,2,2,223.0,9.0
C-42ca6e,A-1b9609,2024-02-02,False,REPEATED_CHURN_WHILE_CHURNED,EVENT_SEQUENCE_INVALID,CONTRACT_AMBIGUOUS,subscription_end,4,4,4,2229.0,0,0,0,0,0,0,0,0,0,3,192.0,15.0
C-bedd8c,A-1b9609,2024-11-16,False,REPEATED_CHURN_WHILE_CHURNED,EVENT_SEQUENCE_INVALID,CONTRACT_AMBIGUOUS,subscription_end,10,10,10,16614.0,0,0,0,0,0,0,0,0,0,0,-96.0,-44.0
C-aee993,A-1d5444,2024-06-01,False,VALID_CHURN_TRANSITION,EVENT_SEQUENCE_VALID,CONTRACT_AMBIGUOUS,subscription_end,7,7,7,19535.0,0,0,0,0,0,0,1,1,1,2,,-1.0
C-d28d0e,A-1e1b80,2023-10-04,False,INVALID_EVENT_TIME,EVENT_SEQUENCE_INVALID,CONTRACT_UNSUPPORTED,subscription_end,0,0,0,0.0,0,0,0,0,0,0,0,1,1,2,,7.0
C-9c899e,A-1e1b80,2024-10-14,False,VALID_CHURN_TRANSITION,EVENT_SEQUENCE_VALID,CONTRACT_AMBIGUOUS,subscription_end,11,11,11,47697.0,0,0,0,0,0,0,0,0,0,2,,21.0
C-fcbd6e,A-1e1b80,2024-11-13,False,REPEATED_CHURN_WHILE_CHURNED,EVENT_SEQUENCE_INVALID,CONTRACT_AMBIGUOUS,subscription_end,12,12,12,48647.0,0,0,0,0,0,0,0,0,1,1,,-9.0
C-accb39,A-1e50e0,2023-11-01,False,VALID_CHURN_TRANSITION,EVENT_SEQUENCE_VALID,CONTRACT_AMBIGUOUS,subscription_end,2,2,2,3781.0,0,0,0,0,0,0,0,0,0,0,73.0,122.0
C-1f9cf2,A-1e50e0,2024-04-26,False,REPEATED_CHURN_WHILE_CHURNED,EVENT_SEQUENCE_INVALID,CONTRACT_AMBIGUOUS,subscription_end,2,2,2,8583.0,0,0,0,0,0,0,0,0,1,1,-104.0,8.0
C-056c32,A-1e6fc3,2024-03-20,False,VALID_CHURN_TRANSITION,EVENT_SEQUENCE_VALID,CONTRACT_AMBIGUOUS,subscription_end,1,1,1,0.0,0,0,0,1,1,0,0,0,1,1,13.0,12.0
C-109d03,A-1f0ac7,2024-11-08,False,VALID_CHURN_TRANSITION,EVENT_SEQUENCE_VALID,CONTRACT_AMBIGUOUS,subscription_end,5,5,5,7491.0,0,0,0,0,0,0,0,1,1,1,,6.0
C-5e0b68,A-1f559b,2024-09-28,False,VALID_CHURN_TRANSITION,EVENT_SEQUENCE_VALID,CONTRACT_SUPPORTED,subscription_end,8,8,8,11262.0,0,1,1,1,1,0,0,0,0,1,1.0,19.0
C-f918d7,A-202b67,2024-03-30,False,VALID_CHURN_TRANSITION,EVENT_SEQUENCE_VALID,CONTRACT_AMBIGUOUS,subscription_end,1,1,1,539.0,0,0,0,0,0,0,0,1,1,1,268.0,-3.0
C-260dec,A-202b67,2024-09-14,False,REPEATED_CHURN_WHILE_CHURNED,EVENT_SEQUENCE_INVALID,CONTRACT_AMBIGUOUS,subscription_end,8,8,8,12397.0,0,0,0,0,0,0,0,0,1,3,100.0,-10.0
C-8bf15d,A-20736a,2024-03-19,False,INVALID_EVENT_TIME,EVENT_SEQUENCE_INVALID,CONTRACT_UNSUPPORTED,subscription_end,0,0,0,0.0,0,0,0,0,0,0,0,0,0,0,,51.0
C-0ba0a0,A-22d9d2,2024-10-17,False,VALID_CHURN_TRANSITION,EVENT_SEQUENCE_VALID,CONTRACT_AMBIGUOUS,subscription_end,9,9,9,6644.0,0,0,0,0,0,0,0,2,2,3,-41.0,-3.0
C-fdb715,A-241e75,2024-10-11,False,VALID_CHURN_TRANSITION,EVENT_SEQUENCE_VALID,CONTRACT_AMBIGUOUS,subscription_end,4,4,4,3499.0,0,0,0,0,0,0,0,0,2,2,,8.0
C-95a18e,A-241e75,2024-12-19,False,REPEATED_CHURN_WHILE_CHURNED,EVENT_SEQUENCE_INVALID,CONTRACT_AMBIGUOUS,subscription_end,5,5,5,3594.0,0,0,0,0,0,0,0,0,0,0,,-61.0
C-f5dfda,A-2446e3,2024-07-20,True,INVALID_REACTIVATION_WHILE_ACTIVE,EVENT_SEQUENCE_INVALID,CONTRACT_SUPPORTED,subscription_start,3,3,3,8019.0,0,0,0,0,0,0,0,1,1,1,,-6.0
C-23b1d0,A-2446e3,2024-07-29,False,VALID_CHURN_TRANSITION,EVENT_SEQUENCE_VALID,CONTRACT_AMBIGUOUS,subscription_end,3,3,3,8019.0,0,0,0,0,0,0,0,0,0,1,,-15.0
C-9b229e,A-249769,2024-06-12,True,INVALID_REACTIVATION_WHILE_ACTIVE,EVENT_SEQUENCE_INVALID,CONTRACT_SUPPORTED,subscription_start,2,2,2,824.0,0,0,0,0,0,0,0,2,2,2,,-2.0
C-acbc2b,A-249769,2024-12-16,False,VALID_CHURN_TRANSITION,EVENT_SEQUENCE_VALID,CONTRACT_AMBIGUOUS,subscription_end,13,13,13,15717.0,0,0,0,0,0,0,0,0,0,2,,-25.0
C-049f10,A-271f46,2023-03-04,False,INVALID_EVENT_TIME,EVENT_SEQUENCE_INVALID,CONTRACT_UNSUPPORTED,subscription_end,0,0,0,0.0,0,0,0,0,0,0,0,0,0,1,,25.0
C-f81017,A-271f46,2024-08-09,True,INVALID_REACTIVATION_WHILE_ACTIVE,EVENT_SEQUENCE_INVALID,CONTRACT_AMBIGUOUS,subscription_start,6,6,6,9728.0,0,0,0,0,0,0,0,0,0,0,,-61.0
C-248550,A-2922b6,2024-12-25,False,VALID_CHURN_TRANSITION,EVENT_SEQUENCE_VALID,CONTRACT_SUPPORTED,subscription_end,6,5,6,10669.0,0,0,1,1,1,1,1,2,5,6,3.0,0.0
C-5b6094,A-296d7c,2024-11-04,False,VALID_CHURN_TRANSITION,EVENT_SEQUENCE_VALID,CONTRACT_AMBIGUOUS,subscription_end,5,5,6,1297.0,0,0,0,0,0,0,1,1,1,2,,1.0
C-d3449f,A-2bc93d,2023-08-10,False,VALID_CHURN_TRANSITION,EVENT_SEQUENCE_VALID,CONTRACT_AMBIGUOUS,subscription_end,3,3,3,11126.0,0,0,0,0,0,0,1,1,2,3,414.0,-1.0
C-9b6151,A-2bc93d,2024-08-15,True,VALID_REACTIVATION_TRANSITION,EVENT_SEQUENCE_VALID,CONTRACT_AMBIGUOUS,subscription_start,8,8,8,27076.0,0,0,0,0,0,0,0,0,0,3,43.0,16.0
C-2e2f04,A-2d1036,2024-10-19,False,VALID_CHURN_TRANSITION,EVENT_SEQUENCE_VALID,CONTRACT_SUPPORTED,subscription_end,10,10,10,58650.0,0,0,1,1,1,0,0,1,1,5,-2.0,-6.0
C-f6f8a5,A-2d1036,2024-10-28,True,VALID_REACTIVATION_TRANSITION,EVENT_SEQUENCE_VALID,CONTRACT_AMBIGUOUS,subscription_start,10,10,10,58650.0,0,0,0,1,2,0,0,0,0,2,-11.0,-15.0
C-e91da6,A-2d4502,2024-05-07,False,VALID_CHURN_TRANSITION,EVENT_SEQUENCE_VALID,CONTRACT_AMBIGUOUS,subscription_end,1,1,1,392.0,0,0,0,0,0,0,0,1,1,1,,-7.0
C-6c63bc,A-2e3bad,2024-03-30,False,VALID_CHURN_TRANSITION,EVENT_SEQUENCE_VALID,CONTRACT_AMBIGUOUS,subscription_end,3,3,3,15128.0,0,0,0,0,1,0,0,1,1,2,-29.0,4.0
C-695fcd,A-2e4581,2024-11-23,False,VALID_CHURN_TRANSITION,EVENT_SEQUENCE_VALID,CONTRACT_AMBIGUOUS,subscription_end,6,6,6,3996.0,0,0,0,0,0,0,0,2,4,9,,6.0
C-cea92d,A-2e4581,2024-12-05,False,REPEATED_CHURN_WHILE_CHURNED,EVENT_SEQUENCE_INVALID,CONTRACT_AMBIGUOUS,subscription_end,7,7,7,5787.0,0,0,0,0,0,0,0,2,3,7,,4.0
C-da7b0d,A-2ebb4b,2023-08-04,False,VALID_CHURN_TRANSITION,EVENT_SEQUENCE_VALID,CONTRACT_AMBIGUOUS,subscription_end,2,2,2,779.0,0,0,0,0,0,0,0,0,0,0,375.0,-49.0
C-06b32c,A-2ebb4b,2023-08-19,False,REPEATED_CHURN_WHILE_CHURNED,EVENT_SEQUENCE_INVALID,CONTRACT_AMBIGUOUS,subscription_end,2,2,2,779.0,0,0,0,0,0,0,0,0,0,0,360.0,45.0
C-486194,A-2ebb4b,2024-12-29,True,VALID_REACTIVATION_TRANSITION,EVENT_SEQUENCE_VALID,CONTRACT_AMBIGUOUS,subscription_start,9,9,9,28679.0,0,0,0,0,0,0,0,0,0,1,-138.0,-19.0
C-1f5828,A-2edab2,2023-12-21,False,VALID_CHURN_TRANSITION,EVENT_SEQUENCE_VALID,CONTRACT_AMBIGUOUS,subscription_end,3,3,3,1479.0,0,0,0,0,0,0,0,0,0,3,295.0,-16.0
C-7d6220,A-2edab2,2024-06-23,False,REPEATED_CHURN_WHILE_CHURNED,EVENT_SEQUENCE_INVALID,CONTRACT_AMBIGUOUS,subscription_end,6,6,6,6528.0,0,0,0,0,0,0,0,1,1,1,110.0,-4.0
C-49868d,A-309e54,2024-12-14,False,VALID_CHURN_TRANSITION,EVENT_SEQUENCE_VALID,CONTRACT_AMBIGUOUS,subscription_end,2,1,2,2985.0,0,0,0,0,1,1,2,6,9,11,16.0,0.0
C-dd2ad2,A-30b4ca,2024-09-01,False,VALID_CHURN_TRANSITION,EVENT_SEQUENCE_VALID,CONTRACT_AMBIGUOUS,subscription_end,7,7,7,74304.0,0,0,0,0,0,0,0,1,1,2,,-7.0
C-1cea52,A-310452,2024-12-25,False,INVALID_EVENT_TIME,EVENT_SEQUENCE_INVALID,CONTRACT_UNSUPPORTED,subscription_end,0,0,1,0.0,0,0,0,0,0,0,1,5,5,5,,1.0
C-8fcdf5,A-310452,2024-12-27,False,VALID_CHURN_TRANSITION,EVENT_SEQUENCE_VALID,CONTRACT_AMBIGUOUS,subscription_end,1,1,3,441.0,0,0,0,0,0,0,3,5,5,5,,1.0
C-88877a,A-313be3,2023-12-09,False,VALID_CHURN_TRANSITION,EVENT_SEQUENCE_VALID,CONTRACT_AMBIGUOUS,subscription_end,1,1,1,0.0,0,0,0,0,0,0,0,1,2,2,,2.0
C-13ca3a,A-313be3,2024-03-23,False,REPEATED_CHURN_WHILE_CHURNED,EVENT_SEQUENCE_INVALID,CONTRACT_AMBIGUOUS,subscription_end,3,3,3,11656.0,0,0,0,0,0,0,0,0,0,0,,-52.0
C-50dbff,A-31ab9a,2024-08-09,False,VALID_CHURN_TRANSITION,EVENT_SEQUENCE_VALID,CONTRACT_AMBIGUOUS,subscription_end,3,3,3,4459.0,0,0,0,0,0,0,0,0,0,1,,20.0
C-480232,A-31ab9a,2024-09-23,True,VALID_REACTIVATION_TRANSITION,EVENT_SEQUENCE_VALID,CONTRACT_AMBIGUOUS,subscription_start,4,4,4,4459.0,0,0,0,0,0,0,0,0,0,1,,-25.0
C-a77075,A-32728c,2023-01-25,False,INVALID_EVENT_TIME,EVENT_SEQUENCE_INVALID,CONTRACT_UNSUPPORTED,subscription_end,0,0,0,0.0,0,0,0,0,0,0,0,0,0,0,438.0,69.0
C-d05e42,A-32728c,2024-06-22,False,VALID_CHURN_TRANSITION,EVENT_SEQUENCE_VALID,CONTRACT_AMBIGUOUS,subscription_end,6,6,6,3320.0,0,0,0,0,0,0,0,0,0,0,-76.0,-48.0
C-f1268a,A-32728c,2024-07-19,True,VALID_REACTIVATION_TRANSITION,EVENT_SEQUENCE_VALID,CONTRACT_AMBIGUOUS,subscription_start,6,6,6,3320.0,0,0,0,0,0,0,0,0,0,0,-103.0,60.0
C-f72425,A-32fb14,2023-08-19,False,VALID_CHURN_TRANSITION,EVENT_SEQUENCE_VALID,CONTRACT_AMBIGUOUS,subscription_end,1,1,1,0.0,0,0,0,0,0,0,0,0,0,1,246.0,24.0
C-22b92e,A-32fb14,2024-04-03,False,REPEATED_CHURN_WHILE_CHURNED,EVENT_SEQUENCE_INVALID,CONTRACT_AMBIGUOUS,subscription_end,6,6,6,2926.0,0,0,0,0,1,0,0,0,0,2,18.0,-16.0
C-f51f1d,A-32fb14,2024-04-28,False,REPEATED_CHURN_WHILE_CHURNED,EVENT_SEQUENCE_INVALID,CONTRACT_SUPPORTED,subscription_end,5,5,5,2033.0,0,0,1,1,1,0,0,0,0,0,-7.0,-41.0
C-9775db,A-331424,2024-02-21,False,VALID_CHURN_TRANSITION,EVENT_SEQUENCE_VALID,CONTRACT_AMBIGUOUS,subscription_end,3,3,3,2398.0,0,0,0,0,0,0,0,1,1,2,173.0,-5.0
C-178070,A-337bc1,2023-10-21,False,VALID_CHURN_TRANSITION,EVENT_SEQUENCE_VALID,CONTRACT_AMBIGUOUS,subscription_end,1,1,1,1470.0,0,0,0,0,0,0,0,0,0,1,,21.0
C-5f93ed,A-337bc1,2023-12-16,False,REPEATED_CHURN_WHILE_CHURNED,EVENT_SEQUENCE_INVALID,CONTRACT_AMBIGUOUS,subscription_end,2,2,2,8236.0,0,0,0,0,0,0,0,0,0,0,,-35.0
C-fa1c87,A-342303,2024-03-20,False,INVALID_EVENT_TIME,EVENT_SEQUENCE_INVALID,CONTRACT_UNSUPPORTED,subscription_end,0,0,0,0.0,0,0,0,0,0,0,0,0,0,0,,44.0
C-326d32,A-34d880,2024-12-20,False,VALID_CHURN_TRANSITION,EVENT_SEQUENCE_VALID,CONTRACT_AMBIGUOUS,subscription_end,8,8,8,20185.0,0,0,0,0,0,0,0,0,0,0,-93.0,-60.0
C-935f48,A-34ea2f,2024-10-05,False,VALID_CHURN_TRANSITION,EVENT_SEQUENCE_VALID,CONTRACT_AMBIGUOUS,subscription_end,5,5,5,1671.0,0,0,0,0,0,0,0,2,3,8,45.0,-2.0
C-3018d4,A-34ea2f,2024-10-19,False,REPEATED_CHURN_WHILE_CHURNED,EVENT_SEQUENCE_INVALID,CONTRACT_AMBIGUOUS,subscription_end,6,6,6,5738.0,0,0,0,0,0,0,0,1,3,6,31.0,2.0
C-1cf079,A-354f12,2024-09-19,False,VALID_CHURN_TRANSITION,EVENT_SEQUENCE_VALID,CONTRACT_AMBIGUOUS,subscription_end,2,2,2,6965.0,0,0,0,0,0,0,0,0,0,1,,29.0
C-66b3fa,A-378b99,2024-10-12,False,VALID_CHURN_TRANSITION,EVENT_SEQUENCE_VALID,CONTRACT_AMBIGUOUS,subscription_end,3,3,3,2811.0,0,0,0,0,0,0,0,3,4,8,79.0,2.0
C-ae15f4,A-3793ee,2023-06-16,False,INVALID_EVENT_TIME,EVENT_SEQUENCE_INVALID,CONTRACT_UNSUPPORTED,subscription_end,0,0,0,0.0,0,0,0,0,0,0,0,0,0,0,480.0,157.0
C-354790,A-37f969,2024-02-12,False,VALID_CHURN_TRANSITION,EVENT_SEQUENCE_VALID,CONTRACT_AMBIGUOUS,subscription_end,4,4,4,9879.0,0,0,0,0,0,0,0,0,0,1,,-23.0
C-5a81e7,A-37f969,2024-06-25,False,REPEATED_CHURN_WHILE_CHURNED,EVENT_SEQUENCE_INVALID,CONTRACT_AMBIGUOUS,subscription_end,6,6,6,16419.0,0,0,0,0,0,0,0,0,0,1,,-20.0
C-ca1941,A-37f969,2024-11-03,False,REPEATED_CHURN_WHILE_CHURNED,EVENT_SEQUENCE_INVALID,CONTRACT_AMBIGUOUS,subscription_end,8,8,8,22959.0,0,0,0,0,0,0,0,0,0,0,,-52.0
C-8d3540,A-37f969,2024-12-12,False,REPEATED_CHURN_WHILE_CHURNED,EVENT_SEQUENCE_INVALID,CONTRACT_AMBIGUOUS,subscription_end,8,8,8,22959.0,0,0,0,0,0,0,0,0,0,0,,-91.0
C-762dd4,A-396e5f,2024-11-30,False,VALID_CHURN_TRANSITION,EVENT_SEQUENCE_VALID,CONTRACT_AMBIGUOUS,subscription_end,8,8,8,8172.0,0,0,0,0,0,0,0,1,1,3,,2.0
C-5d9db3,A-39868b,2024-05-06,False,VALID_CHURN_TRANSITION,EVENT_SEQUENCE_VALID,CONTRACT_AMBIGUOUS,subscription_end,1,1,1,1791.0,0,0,0,0,0,0,0,0,1,2,,-11.0
C-917c1d,A-39868b,2024-05-24,True,VALID_REACTIVATION_TRANSITION,EVENT_SEQUENCE_VALID,CONTRACT_AMBIGUOUS,subscription_start,1,1,1,1791.0,0,0,0,0,0,0,0,0,1,3,,9.0
C-4dc992,A-39b19f,2023-03-11,False,VALID_CHURN_TRANSITION,EVENT_SEQUENCE_VALID,CONTRACT_AMBIGUOUS,subscription_end,2,2,2,1960.0,0,0,0,0,0,0,0,0,1,2,96.0,-11.0
C-65ad11,A-39ddf4,2024-12-13,False,VALID_CHURN_TRANSITION,EVENT_SEQUENCE_VALID,CONTRACT_AMBIGUOUS,subscription_end,2,2,2,10116.0,0,0,0,0,1,0,0,3,7,9,16.0,-3.0
C-9c89ca,A-3a7284,2024-12-26,False,VALID_CHURN_TRANSITION,EVENT_SEQUENCE_VALID,CONTRACT_SUPPORTED,subscription_end,9,9,9,30996.0,0,0,2,2,3,0,1,4,8,12,-3.0,-1.0
C-d39666,A-3b37d9,2023-12-26,False,VALID_CHURN_TRANSITION,EVENT_SEQUENCE_VALID,CONTRACT_AMBIGUOUS,subscription_end,5,5,5,14858.0,0,0,0,0,0,0,0,0,0,1,337.0,-24.0
C-8a3bc6,A-3b37d9,2024-10-13,False,REPEATED_CHURN_WHILE_CHURNED,EVENT_SEQUENCE_INVALID,CONTRACT_AMBIGUOUS,subscription_end,6,6,6,14858.0,0,0,0,0,0,0,0,0,0,0,45.0,35.0
C-70ab02,A-3b5cd1,2024-01-21,False,VALID_CHURN_TRANSITION,EVENT_SEQUENCE_VALID,CONTRACT_AMBIGUOUS,subscription_end,6,6,6,6076.0,0,0,0,0,0,0,0,0,1,3,,8.0
C-f6e873,A-3b5cd1,2024-07-24,False,REPEATED_CHURN_WHILE_CHURNED,EVENT_SEQUENCE_INVALID,CONTRACT_AMBIGUOUS,subscription_end,10,10,10,10542.0,0,0,0,0,0,0,0,0,0,0,,-43.0
C-c54ef0,A-3b5cd1,2024-08-30,False,REPEATED_CHURN_WHILE_CHURNED,EVENT_SEQUENCE_INVALID,CONTRACT_AMBIGUOUS,subscription_end,10,10,10,10542.0,0,0,0,0,0,0,0,0,0,0,,-80.0
C-6736e4,A-3be56b,2024-01-10,False,VALID_CHURN_TRANSITION,EVENT_SEQUENCE_VALID,CONTRACT_AMBIGUOUS,subscription_end,2,2,2,3038.0,0,0,0,0,0,0,0,0,0,2,44.0,22.0
C-8203f3,A-3be56b,2024-06-20,False,REPEATED_CHURN_WHILE_CHURNED,EVENT_SEQUENCE_INVALID,CONTRACT_AMBIGUOUS,subscription_end,6,6,6,7586.0,0,0,0,0,0,0,0,0,1,1,-107.0,-8.0
C-a41660,A-3cc791,2024-10-09,True,INVALID_REACTIVATION_WHILE_ACTIVE,EVENT_SEQUENCE_INVALID,CONTRACT_AMBIGUOUS,subscription_start,7,7,7,6758.0,0,0,0,0,0,0,0,0,0,0,,71.0
C-c89493,A-3ce5b8,2024-09-18,False,VALID_CHURN_TRANSITION,EVENT_SEQUENCE_VALID,CONTRACT_AMBIGUOUS,subscription_end,6,6,6,16498.0,0,0,0,0,0,0,0,1,2,3,,4.0
C-fa6149,A-3d957b,2024-05-05,False,INVALID_EVENT_TIME,EVENT_SEQUENCE_INVALID,CONTRACT_UNSUPPORTED,subscription_end,0,0,0,0.0,0,0,0,0,0,0,0,0,0,0,176.0,71.0
C-f477c9,A-3f9cc0,2024-07-18,False,VALID_CHURN_TRANSITION,EVENT_SEQUENCE_VALID,CONTRACT_AMBIGUOUS,subscription_end,4,4,4,9174.0,0,0,0,0,0,0,0,2,3,7,,3.0
C-5d91cd,A-3f9cc0,2024-08-09,False,REPEATED_CHURN_WHILE_CHURNED,EVENT_SEQUENCE_INVALID,CONTRACT_AMBIGUOUS,subscription_end,7,7,7,19940.0,0,0,0,0,0,0,0,1,1,3,,-5.0
C-08d3b3,A-3f9cc0,2024-12-21,True,VALID_REACTIVATION_TRANSITION,EVENT_SEQUENCE_VALID,CONTRACT_AMBIGUOUS,subscription_start,7,7,7,19940.0,0,0,0,0,0,0,0,0,0,0,,-139.0
C-9776b7,A-40a557,2023-12-08,False,INVALID_EVENT_TIME,EVENT_SEQUENCE_INVALID,CONTRACT_UNSUPPORTED,subscription_end,0,0,0,0.0,0,0,0,0,0,0,0,0,0,0,39.0,34.0
C-e4261a,A-417d2f,2024-12-30,False,VALID_CHURN_TRANSITION,EVENT_SEQUENCE_VALID,CONTRACT_AMBIGUOUS,subscription_end,15,15,15,17759.0,0,0,0,0,0,0,0,1,1,2,-241.0,-2.0
C-901c1a,A-425e76,2023-08-10,False,VALID_CHURN_TRANSITION,EVENT_SEQUENCE_VALID,CONTRACT_AMBIGUOUS,subscription_end,3,3,3,2516.0,0,0,0,0,0,0,0,0,1,2,83.0,8.0
C-f24343,A-425e76,2023-09-03,True,VALID_REACTIVATION_TRANSITION,EVENT_SEQUENCE_VALID,CONTRACT_AMBIGUOUS,subscription_start,4,4,4,8884.0,0,0,0,0,0,0,0,0,0,1,59.0,-16.0
C-75ddda,A-425e76,2023-12-25,False,VALID_CHURN_TRANSITION,EVENT_SEQUENCE_VALID,CONTRACT_AMBIGUOUS,subscription_end,4,4,4,5995.0,0,0,0,0,0,0,0,0,0,0,-54.0,-37.0
C-ae47d1,A-425e76,2024-10-22,False,REPEATED_CHURN_WHILE_CHURNED,EVENT_SEQUENCE_INVALID,CONTRACT_AMBIGUOUS,subscription_end,10,10,10,10743.0,0,0,0,0,0,0,0,0,0,0,-356.0,-70.0
C-d85c26,A-42e5e1,2024-10-04,True,INVALID_REACTIVATION_WHILE_ACTIVE,EVENT_SEQUENCE_INVALID,CONTRACT_AMBIGUOUS,subscription_start,3,3,3,68.0,0,0,0,0,0,0,0,0,1,2,-51.0,14.0
C-1124ed,A-439b2f,2024-08-02,True,INVALID_REACTIVATION_WHILE_ACTIVE,EVENT_SEQUENCE_INVALID,CONTRACT_AMBIGUOUS,subscription_start,4,4,4,522.0,0,0,0,0,0,0,0,0,0,1,-76.0,-30.0
C-f3aca2,A-439b2f,2024-11-18,False,VALID_CHURN_TRANSITION,EVENT_SEQUENCE_VALID,CONTRACT_AMBIGUOUS,subscription_end,4,4,4,522.0,0,0,0,0,0,0,0,0,0,0,-184.0,39.0
C-458075,A-4437e4,2024-06-21,False,VALID_CHURN_TRANSITION,EVENT_SEQUENCE_VALID,CONTRACT_AMBIGUOUS,subscription_end,7,7,7,5241.0,0,0,0,0,0,0,0,0,0,2,88.0,19.0
C-8b229b,A-44dc83,2024-11-29,False,VALID_CHURN_TRANSITION,EVENT_SEQUENCE_VALID,CONTRACT_AMBIGUOUS,subscription_end,4,4,4,456.0,0,0,0,0,0,0,0,1,1,1,,-3.0
C-a1253e,A-462d45,2024-05-17,False,VALID_CHURN_TRANSITION,EVENT_SEQUENCE_VALID,CONTRACT_AMBIGUOUS,subscription_end,8,8,8,16187.0,0,0,0,1,1,0,0,0,2,3,12.0,-10.0
C-ddade1,A-463db0,2024-12-30,True,INVALID_REACTIVATION_WHILE_ACTIVE,EVENT_SEQUENCE_INVALID,CONTRACT_SUPPORTED,subscription_start,6,6,7,12531.0,0,0,0,0,0,0,1,3,4,7,,1.0
C-85e84b,A-4814a3,2024-11-25,False,VALID_CHURN_TRANSITION,EVENT_SEQUENCE_VALID,CONTRACT_AMBIGUOUS,subscription_end,8,8,9,49068.0,0,0,0,0,0,0,3,3,5,7,36.0,-1.0
C-5899b9,A-484819,2023-06-29,False,VALID_CHURN_TRANSITION,EVENT_SEQUENCE_VALID,CONTRACT_AMBIGUOUS,subscription_end,3,3,3,7506.0,0,0,0,0,0,0,0,0,0,1,370.0,-27.0
C-7cace4,A-484819,2023-12-29,False,REPEATED_CHURN_WHILE_CHURNED,EVENT_SEQUENCE_INVALID,CONTRACT_AMBIGUOUS,subscription_end,3,3,3,7506.0,0,0,0,0,0,0,0,1,1,1,187.0,3.0
C-1172fe,A-4a267b,2024-06-17,False,VALID_CHURN_TRANSITION,EVENT_SEQUENCE_VALID,CONTRACT_AMBIGUOUS,subscription_end,2,1,2,6246.0,0,0,0,0,0,1,1,1,1,1,104.0,0.0
C-b6997d,A-4ae22a,2024-07-20,False,VALID_CHURN_TRANSITION,EVENT_SEQUENCE_VALID,CONTRACT_AMBIGUOUS,subscription_end,1,1,1,5572.0,0,0,0,0,0,0,0,1,1,1,86.0,4.0
C-7fcce6,A-4bfa33,2024-12-08,False,INVALID_EVENT_TIME,EVENT_SEQUENCE_INVALID,CONTRACT_AMBIGUOUS,subscription_end,0,0,0,0.0,0,0,0,0,1,0,0,4,5,7,21.0,2.0
C-28085c,A-4bfa33,2024-12-21,False,VALID_CHURN_TRANSITION,EVENT_SEQUENCE_VALID,CONTRACT_AMBIGUOUS,subscription_end,5,5,5,2078.0,0,0,0,1,1,0,0,3,7,7,8.0,-2.0
C-a666a4,A-4bfa33,2024-12-28,False,REPEATED_CHURN_WHILE_CHURNED,EVENT_SEQUENCE_INVALID,CONTRACT_SUPPORTED,subscription_end,7,7,7,5606.0,0,1,1,1,1,0,0,2,3,7,1.0,-3.0
C-7690f5,A-4c56c9,2024-04-05,False,INVALID_EVENT_TIME,EVENT_SEQUENCE_INVALID,CONTRACT_UNSUPPORTED,subscription_end,0,0,0,0.0,0,0,0,0,0,0,0,0,0,0,201.0,38.0
C-a40fa4,A-4c6f11,2024-06-29,False,VALID_CHURN_TRANSITION,EVENT_SEQUENCE_VALID,CONTRACT_AMBIGUOUS,subscription_end,3,3,3,6465.0,0,0,0,0,0,0,0,0,0,2,,15.0
C-6ab303,A-4c6f11,2024-10-18,False,REPEATED_CHURN_WHILE_CHURNED,EVENT_SEQUENCE_INVALID,CONTRACT_AMBIGUOUS,subscription_end,5,5,5,7586.0,0,0,0,0,0,0,0,0,0,0,,-78.0
C-13f833,A-4d1e75,2024-09-05,False,INVALID_EVENT_TIME,EVENT_SEQUENCE_INVALID,CONTRACT_UNSUPPORTED,subscription_end,0,0,0,0.0,0,0,0,0,0,0,0,1,3,3,,2.0
C-c93006,A-4e0e85,2023-11-16,False,INVALID_EVENT_TIME,EVENT_SEQUENCE_INVALID,CONTRACT_UNSUPPORTED,subscription_end,0,0,0,0.0,0,0,0,0,0,0,0,0,0,0,,92.0
C-0e273d,A-4e0e85,2024-03-14,False,VALID_CHURN_TRANSITION,EVENT_SEQUENCE_VALID,CONTRACT_AMBIGUOUS,subscription_end,2,2,2,1194.0,0,0,0,0,0,0,0,0,0,3,,-21.0
C-dcbfa4,A-4e44e8,2024-08-25,False,VALID_CHURN_TRANSITION,EVENT_SEQUENCE_VALID,CONTRACT_AMBIGUOUS,subscription_end,2,2,2,1102.0,0,0,0,0,1,0,0,3,5,7,27.0,-2.0
C-860574,A-4e44e8,2024-10-11,True,VALID_REACTIVATION_TRANSITION,EVENT_SEQUENCE_VALID,CONTRACT_SUPPORTED,subscription_start,7,7,7,1874.0,0,0,0,0,2,0,0,1,2,7,15.0,5.0
C-d20b00,A-4ef964,2024-06-19,False,VALID_CHURN_TRANSITION,EVENT_SEQUENCE_VALID,CONTRACT_AMBIGUOUS,subscription_end,3,3,3,5049.0,0,0,0,0,0,0,0,1,1,1,132.0,-2.0
C-3b4085,A-4f18f0,2024-05-27,False,VALID_CHURN_TRANSITION,EVENT_SEQUENCE_VALID,CONTRACT_AMBIGUOUS,subscription_end,2,2,2,1176.0,0,0,0,0,0,0,0,1,2,3,75.0,5.0
C-990050,A-4f18f0,2024-12-01,False,REPEATED_CHURN_WHILE_CHURNED,EVENT_SEQUENCE_INVALID,CONTRACT_AMBIGUOUS,subscription_end,8,8,8,28877.0,0,0,0,0,0,0,0,0,0,1,-51.0,19.0
C-bc805f,A-50bb9f,2024-09-08,False,VALID_CHURN_TRANSITION,EVENT_SEQUENCE_VALID,CONTRACT_AMBIGUOUS,subscription_end,3,3,3,7403.0,0,0,0,0,0,0,0,0,0,2,107.0,-28.0
C-a761a8,A-50bb9f,2024-09-12,True,VALID_REACTIVATION_TRANSITION,EVENT_SEQUENCE_VALID,CONTRACT_AMBIGUOUS,subscription_start,3,3,3,7403.0,0,0,0,0,0,0,0,0,0,0,103.0,-32.0
C-76d762,A-51ec1b,2023-12-09,True,INVALID_EVENT_TIME,EVENT_SEQUENCE_INVALID,CONTRACT_UNSUPPORTED,subscription_start,0,0,0,0.0,0,0,0,0,0,0,0,0,0,0,354.0,63.0
C-02719d,A-5247b3,2024-10-12,False,VALID_CHURN_TRANSITION,EVENT_SEQUENCE_VALID,CONTRACT_AMBIGUOUS,subscription_end,8,8,8,9259.0,0,0,0,0,0,0,0,2,2,3,38.0,2.0
C-23a031,A-5247b3,2024-10-16,False,REPEATED_CHURN_WHILE_CHURNED,EVENT_SEQUENCE_INVALID,CONTRACT_AMBIGUOUS,subscription_end,9,9,9,10043.0,0,0,0,0,0,0,0,2,2,3,34.0,2.0
C-2e2966,A-526d93,2024-07-10,False,VALID_CHURN_TRANSITION,EVENT_SEQUENCE_VALID,CONTRACT_AMBIGUOUS,subscription_end,4,4,4,19163.0,0,0,0,0,0,0,0,1,3,4,123.0,-5.0
C-864169,A-526d93,2024-08-05,False,REPEATED_CHURN_WHILE_CHURNED,EVENT_SEQUENCE_INVALID,CONTRACT_AMBIGUOUS,subscription_end,6,6,6,21270.0,0,0,0,0,0,0,0,0,2,2,97.0,-8.0
C-cc8de6,A-526d93,2024-09-25,False,REPEATED_CHURN_WHILE_CHURNED,EVENT_SEQUENCE_INVALID,CONTRACT_AMBIGUOUS,subscription_end,6,6,7,21270.0,0,0,0,0,0,0,1,2,2,2,46.0,1.0
C-05bc56,A-533452,2024-11-17,True,INVALID_EVENT_TIME,EVENT_SEQUENCE_INVALID,CONTRACT_SUPPORTED,subscription_start,0,0,0,0.0,0,0,0,0,0,0,0,3,7,9,33.0,4.0
C-bb8317,A-533452,2024-11-19,False,INVALID_EVENT_TIME,EVENT_SEQUENCE_INVALID,CONTRACT_UNSUPPORTED,subscription_end,0,0,0,0.0,0,0,0,0,0,0,0,4,7,10,31.0,2.0
C-9b80de,A-533452,2024-12-01,False,VALID_CHURN_TRANSITION,EVENT_SEQUENCE_VALID,CONTRACT_AMBIGUOUS,subscription_end,7,7,7,17273.0,0,0,0,0,1,0,0,5,8,11,19.0,-3.0
C-ec714a,A-533452,2024-12-16,False,REPEATED_CHURN_WHILE_CHURNED,EVENT_SEQUENCE_INVALID,CONTRACT_SUPPORTED,subscription_end,9,8,9,19505.0,0,0,1,1,1,1,2,3,4,11,4.0,0.0
C-48c0c8,A-53f4e3,2024-12-06,True,INVALID_REACTIVATION_WHILE_ACTIVE,EVENT_SEQUENCE_INVALID,CONTRACT_SUPPORTED,subscription_start,8,8,8,9671.0,0,0,0,0,1,0,1,2,3,4,-19.0,-1.0
C-7762fe,A-54ecc2,2024-09-12,False,VALID_CHURN_TRANSITION,EVENT_SEQUENCE_VALID,CONTRACT_AMBIGUOUS,subscription_end,7,7,7,9144.0,0,0,0,0,0,0,0,1,2,4,,4.0
C-23d5a9,A-54ecc2,2024-09-22,False,REPEATED_CHURN_WHILE_CHURNED,EVENT_SEQUENCE_INVALID,CONTRACT_AMBIGUOUS,subscription_end,8,8,8,9487.0,0,0,0,0,0,0,0,2,2,5,,5.0
C-4a3e8e,A-54ecc2,2024-11-23,False,REPEATED_CHURN_WHILE_CHURNED,EVENT_SEQUENCE_INVALID,CONTRACT_AMBIGUOUS,subscription_end,11,11,11,16168.0,0,0,0,0,0,0,0,0,0,1,,-24.0
C-0baa74,A-558c72,2024-11-28,False,VALID_CHURN_TRANSITION,EVENT_SEQUENCE_VALID,CONTRACT_AMBIGUOUS,subscription_end,6,6,6,6783.0,0,0,0,0,0,0,0,0,0,0,-299.0,-49.0
C-4dfeb8,A-56962b,2024-07-27,False,VALID_CHURN_TRANSITION,EVENT_SEQUENCE_VALID,CONTRACT_AMBIGUOUS,subscription_end,1,1,1,0.0,0,0,0,0,0,0,0,0,0,0,152.0,32.0
C-1f4cc0,A-56962b,2024-08-26,False,REPEATED_CHURN_WHILE_CHURNED,EVENT_SEQUENCE_INVALID,CONTRACT_AMBIGUOUS,subscription_end,1,1,1,0.0,0,0,0,0,0,0,0,1,3,4,122.0,2.0
C-83b55f,A-5790f4,2024-12-25,False,VALID_CHURN_TRANSITION,EVENT_SEQUENCE_VALID,CONTRACT_SUPPORTED,subscription_end,4,3,6,16707.0,0,0,1,1,1,1,4,6,6,6,4.0,0.0
C-1eead2,A-5790f4,2024-12-26,False,REPEATED_CHURN_WHILE_CHURNED,EVENT_SEQUENCE_INVALID,CONTRACT_SUPPORTED,subscription_end,6,4,6,18926.0,0,0,1,1,1,2,3,6,6,6,3.0,0.0
C-e8f3f5,A-5790f4,2024-12-31,False,REPEATED_CHURN_WHILE_CHURNED,EVENT_SEQUENCE_INVALID,CONTRACT_SUPPORTED,subscription_end,5,5,5,17334.0,0,0,1,1,1,0,0,4,6,6,-2.0,-5.0
C-79999b,A-58b9ff,2024-10-10,False,VALID_CHURN_TRANSITION,EVENT_SEQUENCE_VALID,CONTRACT_AMBIGUOUS,subscription_end,9,9,9,19981.0,0,0,0,1,1,0,0,2,4,7,-9.0,3.0
C-3292be,A-592832,2024-10-04,False,VALID_CHURN_TRANSITION,EVENT_SEQUENCE_VALID,CONTRACT_AMBIGUOUS,subscription_end,5,5,5,17779.0,0,0,0,0,0,0,1,4,7,9,60.0,-1.0
C-449318,A-5a184f,2023-07-23,False,INVALID_EVENT_TIME,EVENT_SEQUENCE_INVALID,CONTRACT_UNSUPPORTED,subscription_end,0,0,0,0.0,0,0,0,0,0,0,0,0,0,0,509.0,39.0
C-a26ce8,A-5a184f,2024-03-19,False,VALID_CHURN_TRANSITION,EVENT_SEQUENCE_VALID,CONTRACT_AMBIGUOUS,subscription_end,7,7,7,17194.0,0,0,0,0,0,0,0,0,0,1,269.0,26.0
C-494a16,A-5a184f,2024-09-11,False,REPEATED_CHURN_WHILE_CHURNED,EVENT_SEQUENCE_INVALID,CONTRACT_AMBIGUOUS,subscription_end,8,8,8,19980.0,0,0,0,0,0,0,0,0,0,0,93.0,39.0
C-ed73ea,A-5a3eb9,2024-04-14,False,VALID_CHURN_TRANSITION,EVENT_SEQUENCE_VALID,CONTRACT_AMBIGUOUS,subscription_end,5,5,5,5842.0,0,0,0,0,0,0,0,0,0,2,258.0,-30.0
C-947b6b,A-5a3eb9,2024-04-28,False,REPEATED_CHURN_WHILE_CHURNED,EVENT_SEQUENCE_INVALID,CONTRACT_AMBIGUOUS,subscription_end,5,5,5,5842.0,0,0,0,0,0,0,0,0,0,1,244.0,30.0
C-ed4dcb,A-5a3eb9,2024-06-12,False,REPEATED_CHURN_WHILE_CHURNED,EVENT_SEQUENCE_INVALID,CONTRACT_AMBIGUOUS,subscription_end,6,6,6,9424.0,0,0,0,0,0,0,0,2,2,3,199.0,2.0
C-fafb31,A-5a92e7,2024-06-18,False,VALID_CHURN_TRANSITION,EVENT_SEQUENCE_VALID,CONTRACT_AMBIGUOUS,subscription_end,2,2,2,1592.0,0,0,0,0,0,0,0,2,3,5,119.0,-4.0
C-48906a,A-5a92e7,2024-11-11,False,REPEATED_CHURN_WHILE_CHURNED,EVENT_SEQUENCE_INVALID,CONTRACT_AMBIGUOUS,subscription_end,13,13,13,10104.0,0,0,0,0,1,0,0,1,1,7,-27.0,-3.0
C-d8d1fd,A-5b1bcd,2024-08-07,False,VALID_CHURN_TRANSITION,EVENT_SEQUENCE_VALID,CONTRACT_AMBIGUOUS,subscription_end,11,11,11,97090.0,0,0,0,0,0,0,0,0,0,0,87.0,-34.0
C-49de12,A-5c9849,2024-11-13,False,VALID_CHURN_TRANSITION,EVENT_SEQUENCE_VALID,CONTRACT_AMBIGUOUS,subscription_end,3,3,3,1596.0,0,0,0,0,0,0,1,3,3,8,33.0,-1.0
C-a1bcf0,A-5ed98d,2024-09-27,False,VALID_CHURN_TRANSITION,EVENT_SEQUENCE_VALID,CONTRACT_AMBIGUOUS,subscription_end,4,4,4,11904.0,0,0,0,0,0,0,0,0,0,1,,-19.0
C-9bb1b6,A-5ed98d,2024-10-02,False,REPEATED_CHURN_WHILE_CHURNED,EVENT_SEQUENCE_INVALID,CONTRACT_AMBIGUOUS,subscription_end,4,4,4,11904.0,0,0,0,0,0,0,0,0,0,2,,-24.0
C-258ade,A-5f2961,2024-11-28,False,VALID_CHURN_TRANSITION,EVENT_SEQUENCE_VALID,CONTRACT_AMBIGUOUS,subscription_end,1,1,1,1393.0,0,0,0,0,0,0,1,4,4,7,,-1.0
C-a860c5,A-5f7781,2024-12-25,False,VALID_CHURN_TRANSITION,EVENT_SEQUENCE_VALID,CONTRACT_AMBIGUOUS,subscription_end,5,5,5,10252.0,0,0,0,0,0,0,0,0,0,1,,-18.0
C-190a42,A-5fe118,2024-12-16,False,VALID_CHURN_TRANSITION,EVENT_SEQUENCE_VALID,CONTRACT_AMBIGUOUS,subscription_end,4,4,4,22290.0,0,0,0,0,0,0,0,0,5,5,,-10.0
C-921335,A-659280,2024-07-23,False,VALID_CHURN_TRANSITION,EVENT_SEQUENCE_VALID,CONTRACT_AMBIGUOUS,subscription_end,8,8,8,20880.0,0,0,0,0,0,0,0,1,1,1,,2.0
C-bb9db4,A-659280,2024-11-22,False,REPEATED_CHURN_WHILE_CHURNED,EVENT_SEQUENCE_INVALID,CONTRACT_AMBIGUOUS,subscription_end,10,10,10,21450.0,0,0,0,0,0,0,1,2,2,2,,-1.0
C-1727c8,A-65aeb5,2024-02-27,False,VALID_CHURN_TRANSITION,EVENT_SEQUENCE_VALID,CONTRACT_AMBIGUOUS,subscription_end,1,1,1,171.0,0,0,0,0,0,0,0,0,0,2,211.0,24.0
C-118bea,A-65aeb5,2024-12-02,True,VALID_REACTIVATION_TRANSITION,EVENT_SEQUENCE_VALID,CONTRACT_AMBIGUOUS,subscription_start,11,11,11,32601.0,0,2,2,2,2,0,0,0,0,0,1.0,-53.0
C-f17b79,A-65c341,2024-03-07,False,VALID_CHURN_TRANSITION,EVENT_SEQUENCE_VALID,CONTRACT_AMBIGUOUS,subscription_end,2,2,2,7002.0,0,0,0,0,0,0,0,1,2,3,133.0,7.0
C-f49d4c,A-65c341,2024-12-16,False,REPEATED_CHURN_WHILE_CHURNED,EVENT_SEQUENCE_INVALID,CONTRACT_AMBIGUOUS,subscription_end,6,6,6,22466.0,0,0,0,0,1,0,0,0,0,0,-23.0,-31.0
C-7007f0,A-67be94,2024-05-28,False,VALID_CHURN_TRANSITION,EVENT_SEQUENCE_VALID,CONTRACT_AMBIGUOUS,subscription_end,4,4,4,2945.0,0,0,0,0,0,0,0,0,0,1,-100.0,23.0
C-575802,A-67be94,2024-06-30,False,REPEATED_CHURN_WHILE_CHURNED,EVENT_SEQUENCE_INVALID,CONTRACT_AMBIGUOUS,subscription_end,5,5,5,13293.0,0,0,0,0,0,0,0,0,1,1,-133.0,-10.0
C-c6a403,A-684255,2024-05-04,True,INVALID_REACTIVATION_WHILE_ACTIVE,EVENT_SEQUENCE_INVALID,CONTRACT_AMBIGUOUS,subscription_start,1,1,1,608.0,0,0,0,0,0,0,0,0,0,2,89.0,19.0
C-be8018,A-684255,2024-07-03,False,VALID_CHURN_TRANSITION,EVENT_SEQUENCE_VALID,CONTRACT_AMBIGUOUS,subscription_end,6,6,6,3327.0,0,0,0,0,1,0,0,4,4,5,29.0,-2.0
C-bc2761,A-68f37c,2024-02-08,False,VALID_CHURN_TRANSITION,EVENT_SEQUENCE_VALID,CONTRACT_AMBIGUOUS,subscription_end,4,4,4,25414.0,0,0,0,0,0,0,0,0,1,3,-97.0,12.0
C-f1773a,A-68f37c,2024-05-15,False,REPEATED_CHURN_WHILE_CHURNED,EVENT_SEQUENCE_INVALID,CONTRACT_AMBIGUOUS,subscription_end,9,9,9,30739.0,0,0,0,0,0,0,0,0,0,0,38.0,-34.0
C-0d5e99,A-68f37c,2024-06-29,True,VALID_REACTIVATION_TRANSITION,EVENT_SEQUENCE_VALID,CONTRACT_AMBIGUOUS,subscription_start,8,8,8,29943.0,0,0,1,1,1,0,0,0,0,0,-7.0,33.0
C-14ac13,A-68f37c,2024-12-18,True,INVALID_REACTIVATION_WHILE_ACTIVE,EVENT_SEQUENCE_INVALID,CONTRACT_AMBIGUOUS,subscription_start,10,10,10,31474.0,0,0,0,0,0,0,0,0,0,0,-179.0,-74.0
C-2cccb0,A-692f18,2024-12-23,False,VALID_CHURN_TRANSITION,EVENT_SEQUENCE_VALID,CONTRACT_SUPPORTED,subscription_end,16,16,16,24978.0,0,0,1,1,1,0,0,0,2,2,-6.0,-8.0
C-62ad35,A-6965e1,2024-12-02,False,INVALID_EVENT_TIME,EVENT_SEQUENCE_INVALID,CONTRACT_UNSUPPORTED,subscription_end,0,0,0,0.0,0,0,0,0,0,0,0,4,6,12,,3.0
C-c3815e,A-6965e1,2024-12-04,False,INVALID_EVENT_TIME,EVENT_SEQUENCE_INVALID,CONTRACT_UNSUPPORTED,subscription_end,0,0,1,0.0,0,0,0,0,0,0,1,5,7,12,,1.0
C-7e5a22,A-6965e1,2024-12-09,False,VALID_CHURN_TRANSITION,EVENT_SEQUENCE_VALID,CONTRACT_AMBIGUOUS,subscription_end,4,4,4,9081.0,0,0,0,0,0,0,0,6,9,12,,2.0
C-b6b828,A-69fad4,2024-06-17,False,VALID_CHURN_TRANSITION,EVENT_SEQUENCE_VALID,CONTRACT_AMBIGUOUS,subscription_end,6,6,6,8056.0,0,0,0,0,0,0,0,0,0,0,63.0,-85.0
C-57871b,A-6a4e2d,2024-07-19,False,VALID_CHURN_TRANSITION,EVENT_SEQUENCE_VALID,CONTRACT_SUPPORTED,subscription_end,9,9,8,9214.0,1,1,1,1,1,0,0,0,0,0,0.0,56.0
C-4f6d90,A-6a7c9d,2024-11-15,False,VALID_CHURN_TRANSITION,EVENT_SEQUENCE_VALID,CONTRACT_AMBIGUOUS,subscription_end,1,1,1,5174.0,0,0,0,0,0,0,0,1,2,4,35.0,-3.0
C-a403fc,A-6a7c9d,2024-11-21,False,REPEATED_CHURN_WHILE_CHURNED,EVENT_SEQUENCE_INVALID,CONTRACT_AMBIGUOUS,subscription_end,1,1,1,5174.0,0,0,0,0,1,0,0,0,2,4,29.0,8.0
C-035985,A-6da850,2024-01-15,False,VALID_CHURN_TRANSITION,EVENT_SEQUENCE_VALID,CONTRACT_AMBIGUOUS,subscription_end,3,3,3,2386.0,0,0,0,0,0,0,0,2,2,3,328.0,2.0
C-872bcf,A-6da850,2024-09-07,False,REPEATED_CHURN_WHILE_CHURNED,EVENT_SEQUENCE_INVALID,CONTRACT_AMBIGUOUS,subscription_end,11,11,11,11559.0,0,0,0,0,0,0,0,1,1,1,92.0,-6.0
C-f208d4,A-6da850,2024-10-25,False,REPEATED_CHURN_WHILE_CHURNED,EVENT_SEQUENCE_INVALID,CONTRACT_AMBIGUOUS,subscription_end,13,13,13,18053.0,0,0,0,0,0,0,0,0,1,3,44.0,-9.0
C-54ce4f,A-6dee43,2024-01-14,False,VALID_CHURN_TRANSITION,EVENT_SEQUENCE_VALID,CONTRACT_AMBIGUOUS,subscription_end,2,2,2,2502.0,0,0,0,0,0,0,0,1,1,1,283.0,7.0
C-f518d9,A-6e08f3,2024-02-10,True,INVALID_REACTIVATION_WHILE_ACTIVE,EVENT_SEQUENCE_INVALID,CONTRACT_SUPPORTED,subscription_start,1,1,1,0.0,0,0,0,0,0,0,0,1,2,3,,6.0
C-d0f6d8,A-6e7827,2023-09-19,False,VALID_CHURN_TRANSITION,EVENT_SEQUENCE_VALID,CONTRACT_AMBIGUOUS,subscription_end,2,2,2,563.0,0,0,0,0,0,0,0,0,0,0,407.0,47.0
C-f46a9e,A-6e7827,2024-04-09,False,REPEATED_CHURN_WHILE_CHURNED,EVENT_SEQUENCE_INVALID,CONTRACT_AMBIGUOUS,subscription_end,4,4,4,1010.0,0,0,0,0,0,0,0,0,1,3,204.0,13.0
C-6ac144,A-6f50ae,2023-11-06,False,INVALID_EVENT_TIME,EVENT_SEQUENCE_INVALID,CONTRACT_UNSUPPORTED,subscription_end,0,0,0,0.0,0,0,0,0,0,0,0,1,1,2,,5.0
C-474d36,A-6f50ae,2024-02-26,True,INVALID_REACTIVATION_WHILE_ACTIVE,EVENT_SEQUENCE_INVALID,CONTRACT_AMBIGUOUS,subscription_start,4,4,4,4503.0,0,0,0,0,0,0,0,0,0,1,,27.0
C-57a768,A-702032,2024-04-18,False,INVALID_EVENT_TIME,EVENT_SEQUENCE_INVALID,CONTRACT_UNSUPPORTED,subscription_end,0,0,0,0.0,0,0,0,0,0,0,0,1,1,1,188.0,6.0
C-b56a35,A-702032,2024-06-14,False,VALID_CHURN_TRANSITION,EVENT_SEQUENCE_VALID,CONTRACT_AMBIGUOUS,subscription_end,1,1,1,5572.0,0,0,0,0,0,0,0,0,0,1,131.0,23.0
C-af7968,A-712426,2024-11-21,False,VALID_CHURN_TRANSITION,EVENT_SEQUENCE_VALID,CONTRACT_AMBIGUOUS,subscription_end,3,3,3,857.0,0,0,0,0,1,0,0,4,5,13,22.0,-4.0
C-2ce12e,A-712426,2024-11-26,True,VALID_REACTIVATION_TRANSITION,EVENT_SEQUENCE_VALID,CONTRACT_SUPPORTED,subscription_start,3,3,3,857.0,0,0,0,0,2,0,0,2,7,13,17.0,2.0
C-2c410a,A-712426,2024-12-23,True,INVALID_REACTIVATION_WHILE_ACTIVE,EVENT_SEQUENCE_INVALID,CONTRACT_SUPPORTED,subscription_start,12,12,12,10215.0,0,0,1,2,2,0,0,3,7,12,3.0,-4.0
C-974322,A-712533,2024-07-18,False,VALID_CHURN_TRANSITION,EVENT_SEQUENCE_VALID,CONTRACT_AMBIGUOUS,subscription_end,7,7,7,9268.0,0,0,0,0,0,0,0,1,1,1,,-3.0
C-2cec1c,A-712f1c,2024-10-24,False,VALID_CHURN_TRANSITION,EVENT_SEQUENCE_VALID,CONTRACT_AMBIGUOUS,subscription_end,9,9,9,31420.0,0,0,0,0,0,0,0,0,0,1,-93.0,-19.0
C-885a34,A-71615e,2024-07-16,False,VALID_CHURN_TRANSITION,EVENT_SEQUENCE_VALID,CONTRACT_AMBIGUOUS,subscription_end,2,2,2,5970.0,0,0,0,0,0,0,0,1,2,3,,4.0
C-192e1d,A-716841,2024-11-13,False,VALID_CHURN_TRANSITION,EVENT_SEQUENCE_VALID,CONTRACT_AMBIGUOUS,subscription_end,6,6,7,8324.0,0,0,0,0,0,0,1,1,1,3,,1.0
C-b7dfcd,A-726cfa,2024-08-08,False,VALID_CHURN_TRANSITION,EVENT_SEQUENCE_VALID,CONTRACT_AMBIGUOUS,subscription_end,13,13,13,18727.0,0,0,0,1,1,0,0,2,2,4,-12.0,2.0
C-2d659a,A-72799b,2024-05-05,False,VALID_CHURN_TRANSITION,EVENT_SEQUENCE_VALID,CONTRACT_AMBIGUOUS,subscription_end,6,6,6,6366.0,0,0,0,0,0,0,0,0,2,3,148.0,12.0
C-ee531b,A-751bd4,2024-09-22,False,VALID_CHURN_TRANSITION,EVENT_SEQUENCE_VALID,CONTRACT_AMBIGUOUS,subscription_end,1,1,1,190.0,0,0,0,0,0,0,0,1,1,1,,-4.0
C-0f0386,A-751c58,2024-09-17,False,VALID_CHURN_TRANSITION,EVENT_SEQUENCE_VALID,CONTRACT_AMBIGUOUS,subscription_end,6,6,6,10527.0,0,0,0,0,0,0,1,2,3,7,,-1.0
C-07be44,A-751c58,2024-11-05,True,VALID_REACTIVATION_TRANSITION,EVENT_SEQUENCE_VALID,CONTRACT_AMBIGUOUS,subscription_start,8,8,8,13074.0,0,0,0,0,0,0,0,0,0,1,,-25.0
C-1dce6d,A-751c58,2024-12-16,False,VALID_CHURN_TRANSITION,EVENT_SEQUENCE_VALID,CONTRACT_AMBIGUOUS,subscription_end,9,8,9,13074.0,0,0,0,0,0,1,1,3,3,3,,0.0
C-3c8ea9,A-7641d3,2023-11-10,False,VALID_CHURN_TRANSITION,EVENT_SEQUENCE_VALID,CONTRACT_AMBIGUOUS,subscription_end,3,3,3,1744.0,0,0,0,0,0,0,0,0,0,0,,-39.0
C-18b303,A-7641d3,2024-06-07,False,REPEATED_CHURN_WHILE_CHURNED,EVENT_SEQUENCE_INVALID,CONTRACT_AMBIGUOUS,subscription_end,7,7,7,7705.0,0,0,0,0,0,0,0,0,1,4,,11.0
C-3dbe46,A-76fa4d,2024-11-26,False,VALID_CHURN_TRANSITION,EVENT_SEQUENCE_VALID,CONTRACT_AMBIGUOUS,subscription_end,1,0,2,13731.0,0,0,0,0,0,1,2,4,6,7,32.0,0.0
C-217360,A-76fa4d,2024-12-03,False,REPEATED_CHURN_WHILE_CHURNED,EVENT_SEQUENCE_INVALID,CONTRACT_AMBIGUOUS,subscription_end,4,3,4,44574.0,0,0,0,0,2,1,1,6,6,7,25.0,0.0
C-211191,A-781cc0,2024-10-12,False,VALID_CHURN_TRANSITION,EVENT_SEQUENCE_VALID,CONTRACT_AMBIGUOUS,subscription_end,8,8,8,10730.0,0,0,0,0,1,0,0,4,4,12,21.0,-3.0
C-e26b7f,A-781cc0,2024-12-09,False,REPEATED_CHURN_WHILE_CHURNED,EVENT_SEQUENCE_INVALID,CONTRACT_AMBIGUOUS,subscription_end,14,14,14,14555.0,0,0,0,0,1,0,1,1,2,3,-15.0,-1.0
C-7d13bf,A-78f02b,2024-12-02,False,VALID_CHURN_TRANSITION,EVENT_SEQUENCE_VALID,CONTRACT_AMBIGUOUS,subscription_end,2,2,2,5771.0,0,0,0,0,0,0,0,3,4,4,,4.0
C-fd2fe4,A-78f02b,2024-12-09,False,REPEATED_CHURN_WHILE_CHURNED,EVENT_SEQUENCE_INVALID,CONTRACT_AMBIGUOUS,subscription_end,4,4,4,15081.0,0,0,0,0,0,0,1,2,3,4,,-1.0
C-555f55,A-794a0b,2024-09-09,False,VALID_CHURN_TRANSITION,EVENT_SEQUENCE_VALID,CONTRACT_AMBIGUOUS,subscription_end,7,7,7,10575.0,0,0,0,0,0,0,0,0,0,0,,-66.0
C-efe5bb,A-7988d1,2024-01-06,False,INVALID_EVENT_TIME,EVENT_SEQUENCE_INVALID,CONTRACT_UNSUPPORTED,subscription_end,0,0,0,0.0,0,0,0,0,0,0,0,0,0,0,315.0,66.0
C-27770c,A-7988d1,2024-06-19,False,VALID_CHURN_TRANSITION,EVENT_SEQUENCE_VALID,CONTRACT_AMBIGUOUS,subscription_end,3,3,3,1254.0,0,0,0,0,0,0,0,0,0,0,150.0,-32.0
C-193426,A-7988d1,2024-12-24,False,REPEATED_CHURN_WHILE_CHURNED,EVENT_SEQUENCE_INVALID,CONTRACT_AMBIGUOUS,subscription_end,8,8,8,10065.0,0,0,0,0,0,0,0,0,0,1,-38.0,-21.0
C-8d834b,A-798a3f,2024-07-19,False,VALID_CHURN_TRANSITION,EVENT_SEQUENCE_VALID,CONTRACT_AMBIGUOUS,subscription_end,5,5,5,5802.0,0,0,0,0,0,0,0,0,0,2,-86.0,-18.0
C-b08dda,A-7a0d69,2024-07-09,False,INVALID_EVENT_TIME,EVENT_SEQUENCE_INVALID,CONTRACT_UNSUPPORTED,subscription_end,0,0,0,0.0,0,0,0,0,0,0,0,0,1,2,,12.0
C-65b589,A-7a0d69,2024-12-05,False,VALID_CHURN_TRANSITION,EVENT_SEQUENCE_VALID,CONTRACT_AMBIGUOUS,subscription_end,10,10,10,7178.0,0,0,0,0,0,0,0,1,2,3,,5.0
C-0d470e,A-7a0d69,2024-12-29,False,REPEATED_CHURN_WHILE_CHURNED,EVENT_SEQUENCE_INVALID,CONTRACT_AMBIGUOUS,subscription_end,11,11,11,10362.0,0,0,0,0,0,0,0,0,0,1,,-19.0
C-6e6bcf,A-7c6b6b,2024-12-09,False,VALID_CHURN_TRANSITION,EVENT_SEQUENCE_VALID,CONTRACT_AMBIGUOUS,subscription_end,1,1,2,1274.0,0,0,0,1,2,0,1,4,5,7,14.0,1.0
C-4691eb,A-7c83a1,2024-05-19,False,VALID_CHURN_TRANSITION,EVENT_SEQUENCE_VALID,CONTRACT_AMBIGUOUS,subscription_end,2,2,2,2940.0,0,0,0,0,0,0,0,3,3,3,71.0,-3.0
C-ba801a,A-7cfe77,2024-09-09,False,VALID_CHURN_TRANSITION,EVENT_SEQUENCE_VALID,CONTRACT_AMBIGUOUS,subscription_end,3,3,3,8073.0,0,0,0,0,0,0,0,0,0,2,,-16.0
C-8153b7,A-7cfe77,2024-12-19,False,REPEATED_CHURN_WHILE_CHURNED,EVENT_SEQUENCE_INVALID,CONTRACT_AMBIGUOUS,subscription_end,5,5,5,12765.0,0,0,0,0,0,0,0,0,1,2,,-14.0
C-f79e5e,A-7dacce,2024-09-18,False,VALID_CHURN_TRANSITION,EVENT_SEQUENCE_VALID,CONTRACT_AMBIGUOUS,subscription_end,3,2,3,4975.0,0,0,0,0,0,1,1,1,3,3,,0.0
C-3b399f,A-7dacce,2024-12-08,False,REPEATED_CHURN_WHILE_CHURNED,EVENT_SEQUENCE_INVALID,CONTRACT_AMBIGUOUS,subscription_end,10,10,10,23057.0,0,0,0,0,0,0,0,1,4,6,,-4.0
C-aa3075,A-7dacce,2024-12-27,False,REPEATED_CHURN_WHILE_CHURNED,EVENT_SEQUENCE_INVALID,CONTRACT_AMBIGUOUS,subscription_end,10,10,10,23057.0,0,0,0,0,0,0,0,0,0,4,,-23.0
C-2e2a3f,A-7df7a7,2024-07-10,False,VALID_CHURN_TRANSITION,EVENT_SEQUENCE_VALID,CONTRACT_AMBIGUOUS,subscription_end,11,11,11,18475.0,0,0,0,0,0,0,0,0,0,0,-174.0,-46.0
C-915973,A-7e0a10,2024-09-26,False,VALID_CHURN_TRANSITION,EVENT_SEQUENCE_VALID,CONTRACT_AMBIGUOUS,subscription_end,9,9,9,27186.0,0,0,0,0,0,0,0,0,0,0,,-64.0
C-95f56e,A-7f29a7,2024-10-09,False,VALID_CHURN_TRANSITION,EVENT_SEQUENCE_VALID,CONTRACT_SUPPORTED,subscription_end,3,3,3,1558.0,0,0,1,1,1,0,1,3,4,5,6.0,-1.0
C-ced436,A-7f4db3,2023-03-21,False,VALID_CHURN_TRANSITION,EVENT_SEQUENCE_VALID,CONTRACT_AMBIGUOUS,subscription_end,1,1,1,1592.0,0,0,0,0,0,0,0,1,2,3,454.0,7.0
C-cf246e,A-7f6b86,2024-07-10,False,VALID_CHURN_TRANSITION,EVENT_SEQUENCE_VALID,CONTRACT_AMBIGUOUS,subscription_end,5,5,5,4601.0,0,0,0,0,0,0,0,1,1,1,-111.0,-5.0
C-c4e7a7,A-80eeb6,2023-10-19,False,VALID_CHURN_TRANSITION,EVENT_SEQUENCE_VALID,CONTRACT_AMBIGUOUS,subscription_end,4,4,4,19634.0,0,0,0,0,0,0,0,1,1,1,298.0,3.0
C-5f203c,A-80eeb6,2024-02-09,False,REPEATED_CHURN_WHILE_CHURNED,EVENT_SEQUENCE_INVALID,CONTRACT_AMBIGUOUS,subscription_end,5,5,5,20052.0,0,0,0,0,0,0,0,1,2,3,185.0,7.0
C-742a59,A-812c5b,2024-05-11,False,VALID_CHURN_TRANSITION,EVENT_SEQUENCE_VALID,CONTRACT_AMBIGUOUS,subscription_end,1,1,1,0.0,0,0,0,0,0,0,0,0,1,1,,8.0
C-ad7ea3,A-8145a0,2023-07-12,False,INVALID_EVENT_TIME,EVENT_SEQUENCE_INVALID,CONTRACT_UNSUPPORTED,subscription_end,0,0,0,0.0,0,0,0,0,0,0,0,0,0,1,333.0,26.0
C-46580a,A-81edc3,2024-03-03,False,VALID_CHURN_TRANSITION,EVENT_SEQUENCE_VALID,CONTRACT_AMBIGUOUS,subscription_end,5,5,5,3460.0,0,0,0,0,0,0,0,0,0,1,,-23.0
C-1b0bb3,A-81edc3,2024-09-21,False,REPEATED_CHURN_WHILE_CHURNED,EVENT_SEQUENCE_INVALID,CONTRACT_AMBIGUOUS,subscription_end,9,9,9,14926.0,0,0,0,0,0,0,0,0,0,1,,-19.0
C-58deed,A-81edc3,2024-12-16,False,REPEATED_CHURN_WHILE_CHURNED,EVENT_SEQUENCE_INVALID,CONTRACT_AMBIGUOUS,subscription_end,12,11,12,17524.0,0,0,0,0,0,1,1,1,1,2,,0.0
C-155feb,A-82861f,2024-05-17,False,INVALID_EVENT_TIME,EVENT_SEQUENCE_INVALID,CONTRACT_UNSUPPORTED,subscription_end,0,0,1,0.0,0,0,0,0,0,0,1,1,3,3,110.0,1.0
C-97ab4b,A-82d8a6,2024-12-29,False,VALID_CHURN_TRANSITION,EVENT_SEQUENCE_VALID,CONTRACT_SUPPORTED,subscription_end,14,12,13,27626.0,1,1,4,4,4,2,3,8,11,17,0.0,0.0
C-234aa7,A-832ec2,2023-12-19,False,INVALID_EVENT_TIME,EVENT_SEQUENCE_INVALID,CONTRACT_UNSUPPORTED,subscription_end,0,0,0,0.0,0,0,0,0,0,0,0,0,1,1,,14.0
C-ca5f4b,A-832ec2,2024-09-15,False,VALID_CHURN_TRANSITION,EVENT_SEQUENCE_VALID,CONTRACT_AMBIGUOUS,subscription_end,7,7,7,4921.0,0,0,0,0,0,0,0,0,1,1,,-11.0
C-770066,A-84ebe4,2024-01-05,False,VALID_CHURN_TRANSITION,EVENT_SEQUENCE_VALID,CONTRACT_AMBIGUOUS,subscription_end,3,3,3,8103.0,0,0,0,0,0,0,0,0,0,1,291.0,20.0
C-2bf465,A-84ebe4,2024-01-20,False,REPEATED_CHURN_WHILE_CHURNED,EVENT_SEQUENCE_INVALID,CONTRACT_AMBIGUOUS,subscription_end,3,3,3,8103.0,0,0,0,0,0,0,0,1,1,2,276.0,5.0
C-26865a,A-854864,2024-12-24,False,VALID_CHURN_TRANSITION,EVENT_SEQUENCE_VALID,CONTRACT_SUPPORTED,subscription_end,3,2,4,9419.0,0,0,1,1,1,1,2,4,5,6,6.0,0.0
C-2e9b92,A-855a48,2024-08-01,False,VALID_CHURN_TRANSITION,EVENT_SEQUENCE_VALID,CONTRACT_AMBIGUOUS,subscription_end,8,8,8,30376.0,0,0,0,0,0,0,0,1,1,1,,-2.0
C-66c9fe,A-86902e,2024-12-07,False,VALID_CHURN_TRANSITION,EVENT_SEQUENCE_VALID,CONTRACT_AMBIGUOUS,subscription_end,8,8,8,29275.0,0,0,0,0,0,0,0,2,2,2,-126.0,4.0
C-67d3e1,A-86fc1d,2024-08-12,False,VALID_CHURN_TRANSITION,EVENT_SEQUENCE_VALID,CONTRACT_AMBIGUOUS,subscription_end,1,1,1,2744.0,0,0,0,0,0,0,0,2,2,2,69.0,-4.0
C-551bc8,A-87aa7b,2024-06-07,False,VALID_CHURN_TRANSITION,EVENT_SEQUENCE_VALID,CONTRACT_AMBIGUOUS,subscription_end,4,4,4,4851.0,0,0,0,0,0,0,0,2,4,5,,-2.0
C-d9410c,A-87aa7b,2024-06-19,False,REPEATED_CHURN_WHILE_CHURNED,EVENT_SEQUENCE_INVALID,CONTRACT_AMBIGUOUS,subscription_end,5,5,5,6027.0,0,0,0,0,0,0,0,1,2,6,,-2.0
C-450414,A-87aa7b,2024-12-26,False,REPEATED_CHURN_WHILE_CHURNED,EVENT_SEQUENCE_INVALID,CONTRACT_AMBIGUOUS,subscription_end,16,16,16,22881.0,0,0,0,0,0,0,0,1,1,1,,-3.0
C-29b7f7,A-8ae05d,2024-08-30,False,VALID_CHURN_TRANSITION,EVENT_SEQUENCE_VALID,CONTRACT_AMBIGUOUS,subscription_end,4,4,4,4902.0,0,0,0,0,0,0,0,0,1,1,120.0,-11.0
C-499165,A-8ae3fc,2024-08-10,False,VALID_CHURN_TRANSITION,EVENT_SEQUENCE_VALID,CONTRACT_AMBIGUOUS,subscription_end,2,2,2,1618.0,0,0,0,0,0,0,0,1,1,3,,-4.0
C-d7de9d,A-8b0451,2024-12-29,False,VALID_CHURN_TRANSITION,EVENT_SEQUENCE_VALID,CONTRACT_SUPPORTED,subscription_end,10,10,10,31709.0,0,0,1,1,1,0,0,1,2,4,2.0,-7.0
C-48f456,A-8bde0c,2024-11-28,False,VALID_CHURN_TRANSITION,EVENT_SEQUENCE_VALID,CONTRACT_AMBIGUOUS,subscription_end,2,2,2,1176.0,0,0,0,0,1,0,0,0,1,18,24.0,14.0
C-8d2855,A-8bde0c,2024-12-30,False,REPEATED_CHURN_WHILE_CHURNED,EVENT_SEQUENCE_INVALID,CONTRACT_SUPPORTED,subscription_end,17,17,16,33610.0,1,1,1,2,2,0,0,5,10,16,0.0,-2.0
C-859615,A-8e47ca,2024-06-01,False,VALID_CHURN_TRANSITION,EVENT_SEQUENCE_VALID,CONTRACT_AMBIGUOUS,subscription_end,6,6,6,19003.0,0,0,0,0,0,0,0,0,1,1,191.0,-12.0
C-9cc7a5,A-8e47ca,2024-09-18,False,REPEATED_CHURN_WHILE_CHURNED,EVENT_SEQUENCE_INVALID,CONTRACT_AMBIGUOUS,subscription_end,8,8,8,23145.0,0,0,0,0,0,0,0,0,0,1,82.0,-26.0
C-bfcee5,A-8e47ca,2024-12-31,False,REPEATED_CHURN_WHILE_CHURNED,EVENT_SEQUENCE_INVALID,CONTRACT_AMBIGUOUS,subscription_end,8,8,8,23145.0,0,0,0,0,1,0,0,0,0,0,-22.0,-58.0
C-f33efc,A-8ed5dd,2024-10-30,False,VALID_CHURN_TRANSITION,EVENT_SEQUENCE_VALID,CONTRACT_AMBIGUOUS,subscription_end,9,9,9,11331.0,0,0,0,0,1,0,0,1,1,2,-22.0,2.0
C-ff002d,A-8ed5dd,2024-11-02,False,REPEATED_CHURN_WHILE_CHURNED,EVENT_SEQUENCE_INVALID,CONTRACT_AMBIGUOUS,subscription_end,10,10,10,11576.0,0,0,0,0,1,0,1,1,1,2,-25.0,-1.0
C-fb2a95,A-902ef7,2024-09-26,False,VALID_CHURN_TRANSITION,EVENT_SEQUENCE_VALID,CONTRACT_AMBIGUOUS,subscription_end,1,1,1,4067.0,0,0,0,0,0,0,0,1,1,2,,4.0
C-92f5cb,A-90a8c8,2024-08-29,False,VALID_CHURN_TRANSITION,EVENT_SEQUENCE_VALID,CONTRACT_AMBIGUOUS,subscription_end,1,1,1,1568.0,0,0,0,0,0,0,0,1,1,4,,-4.0
C-31a49a,A-9123ac,2024-04-05,True,INVALID_REACTIVATION_WHILE_ACTIVE,EVENT_SEQUENCE_INVALID,CONTRACT_AMBIGUOUS,subscription_start,2,2,2,8529.0,0,0,0,0,0,0,0,0,0,0,,35.0
C-efed73,A-9123ac,2024-10-23,False,VALID_CHURN_TRANSITION,EVENT_SEQUENCE_VALID,CONTRACT_AMBIGUOUS,subscription_end,7,7,7,14751.0,0,0,0,0,0,0,0,2,2,2,,-2.0
C-2698c2,A-9208f0,2023-11-18,False,VALID_CHURN_TRANSITION,EVENT_SEQUENCE_VALID,CONTRACT_AMBIGUOUS,subscription_end,6,6,6,3511.0,0,0,0,0,0,0,0,0,0,0,137.0,-50.0
C-b7e6ac,A-9208f0,2024-05-24,False,REPEATED_CHURN_WHILE_CHURNED,EVENT_SEQUENCE_INVALID,CONTRACT_AMBIGUOUS,subscription_end,6,6,6,3413.0,0,0,0,0,0,0,0,0,0,0,-51.0,-65.0
C-44918f,A-9208f0,2024-09-15,True,VALID_REACTIVATION_TRANSITION,EVENT_SEQUENCE_VALID,CONTRACT_AMBIGUOUS,subscription_start,7,7,7,3413.0,0,0,0,0,0,0,0,0,0,0,-165.0,-37.0
C-02604c,A-9208f0,2024-11-09,True,INVALID_REACTIVATION_WHILE_ACTIVE,EVENT_SEQUENCE_INVALID,CONTRACT_AMBIGUOUS,subscription_start,7,7,7,3413.0,0,0,0,0,0,0,0,0,0,0,-220.0,-92.0
C-345bbc,A-922109,2024-08-03,False,VALID_CHURN_TRANSITION,EVENT_SEQUENCE_VALID,CONTRACT_AMBIGUOUS,subscription_end,6,6,6,12124.0,0,0,0,0,0,0,0,0,0,4,146.0,15.0
C-c6f6fe,A-922109,2024-12-17,False,REPEATED_CHURN_WHILE_CHURNED,EVENT_SEQUENCE_INVALID,CONTRACT_AMBIGUOUS,subscription_end,13,13,13,14118.0,0,0,0,1,1,0,0,0,0,2,10.0,-16.0
C-3b6b00,A-9289f6,2023-08-24,False,VALID_CHURN_TRANSITION,EVENT_SEQUENCE_VALID,CONTRACT_AMBIGUOUS,subscription_end,1,1,1,418.0,0,0,0,0,0,0,0,0,0,0,-46.0,-47.0
C-a9e0c4,A-94d3da,2024-04-12,False,VALID_CHURN_TRANSITION,EVENT_SEQUENCE_VALID,CONTRACT_AMBIGUOUS,subscription_end,8,8,8,11726.0,0,0,0,0,0,0,0,0,0,0,-174.0,-40.0
C-bb53cb,A-94f8c9,2024-05-02,False,VALID_CHURN_TRANSITION,EVENT_SEQUENCE_VALID,CONTRACT_AMBIGUOUS,subscription_end,3,3,3,3224.0,0,0,0,0,1,0,0,0,0,3,27.0,-15.0
C-c6998d,A-956988,2024-12-08,False,VALID_CHURN_TRANSITION,EVENT_SEQUENCE_VALID,CONTRACT_AMBIGUOUS,subscription_end,5,5,5,15340.0,0,0,0,1,1,0,1,9,11,13,14.0,-1.0
C-92f889,A-956988,2024-12-30,True,VALID_REACTIVATION_TRANSITION,EVENT_SEQUENCE_VALID,CONTRACT_SUPPORTED,subscription_start,12,11,12,29407.0,0,0,0,1,1,1,1,2,4,13,-8.0,0.0
C-fb91f8,A-96bbc6,2024-06-24,True,INVALID_REACTIVATION_WHILE_ACTIVE,EVENT_SEQUENCE_INVALID,CONTRACT_AMBIGUOUS,subscription_start,3,3,3,11583.0,0,0,0,0,0,0,0,0,0,2,,-17.0
C-36a955,A-96bbc6,2024-12-04,False,VALID_CHURN_TRANSITION,EVENT_SEQUENCE_VALID,CONTRACT_AMBIGUOUS,subscription_end,5,5,5,16630.0,0,0,0,0,0,0,0,1,2,3,,4.0
C-d716da,A-96bbc6,2024-12-21,False,REPEATED_CHURN_WHILE_CHURNED,EVENT_SEQUENCE_INVALID,CONTRACT_AMBIGUOUS,subscription_end,7,7,7,29685.0,0,0,0,0,0,0,0,1,3,3,,4.0
C-102614,A-96e141,2024-07-22,False,VALID_CHURN_TRANSITION,EVENT_SEQUENCE_VALID,CONTRACT_AMBIGUOUS,subscription_end,4,4,4,5432.0,0,0,0,0,1,0,0,0,1,3,26.0,14.0
C-b4b58e,A-96e141,2024-09-22,False,REPEATED_CHURN_WHILE_CHURNED,EVENT_SEQUENCE_INVALID,CONTRACT_AMBIGUOUS,subscription_end,6,6,6,15183.0,0,0,0,0,0,0,0,0,0,0,-36.0,-32.0
C-94eebe,A-9779ad,2024-04-17,False,VALID_CHURN_TRANSITION,EVENT_SEQUENCE_VALID,CONTRACT_AMBIGUOUS,subscription_end,1,1,1,7960.0,0,0,0,0,0,0,0,0,1,2,,-10.0
C-370175,A-9779ad,2024-08-03,False,REPEATED_CHURN_WHILE_CHURNED,EVENT_SEQUENCE_INVALID,CONTRACT_AMBIGUOUS,subscription_end,5,5,5,31840.0,0,0,0,0,0,0,0,1,2,3,,-5.0
C-7befdc,A-9779ad,2024-08-11,False,REPEATED_CHURN_WHILE_CHURNED,EVENT_SEQUENCE_INVALID,CONTRACT_AMBIGUOUS,subscription_end,5,5,5,31840.0,0,0,0,0,0,0,0,1,2,2,,3.0
C-fcfc3c,A-98a59a,2024-09-11,False,VALID_CHURN_TRANSITION,EVENT_SEQUENCE_VALID,CONTRACT_AMBIGUOUS,subscription_end,8,8,9,22568.0,0,0,0,0,0,0,1,1,1,1,,1.0
C-c1bc7e,A-993085,2023-09-20,False,VALID_CHURN_TRANSITION,EVENT_SEQUENCE_VALID,CONTRACT_AMBIGUOUS,subscription_end,3,3,3,2697.0,0,0,0,0,0,0,0,1,2,3,417.0,2.0
C-576ecc,A-993085,2024-01-21,False,REPEATED_CHURN_WHILE_CHURNED,EVENT_SEQUENCE_INVALID,CONTRACT_AMBIGUOUS,subscription_end,8,8,8,33335.0,0,0,0,0,0,0,0,0,0,0,294.0,-59.0
C-47cdaa,A-9affe6,2024-01-12,False,VALID_CHURN_TRANSITION,EVENT_SEQUENCE_VALID,CONTRACT_AMBIGUOUS,subscription_end,5,5,5,5159.0,0,0,0,0,0,0,0,0,0,0,333.0,35.0
C-8e5c25,A-9b9fe9,2023-12-27,False,VALID_CHURN_TRANSITION,EVENT_SEQUENCE_VALID,CONTRACT_AMBIGUOUS,subscription_end,4,4,4,1681.0,0,0,0,0,0,0,0,1,1,3,65.0,5.0
C-16ef52,A-9b9fe9,2024-09-04,False,REPEATED_CHURN_WHILE_CHURNED,EVENT_SEQUENCE_INVALID,CONTRACT_AMBIGUOUS,subscription_end,7,7,7,3690.0,0,0,0,0,0,0,0,0,0,1,-187.0,-18.0
C-600a7c,A-9ee962,2024-10-03,False,VALID_CHURN_TRANSITION,EVENT_SEQUENCE_VALID,CONTRACT_AMBIGUOUS,subscription_end,7,7,7,9249.0,0,0,0,1,1,0,0,0,0,0,-10.0,-77.0
C-8c9a9a,A-9f0b68,2024-08-10,False,VALID_CHURN_TRANSITION,EVENT_SEQUENCE_VALID,CONTRACT_AMBIGUOUS,subscription_end,5,5,5,13042.0,0,0,0,0,0,0,1,2,2,4,,-1.0
C-c4582f,A-9f0b68,2024-11-01,False,REPEATED_CHURN_WHILE_CHURNED,EVENT_SEQUENCE_INVALID,CONTRACT_AMBIGUOUS,subscription_end,10,10,10,28252.0,0,0,0,0,0,0,0,0,1,6,,-13.0
C-b3c3ce,A-9f2731,2024-10-15,False,VALID_CHURN_TRANSITION,EVENT_SEQUENCE_VALID,CONTRACT_AMBIGUOUS,subscription_end,1,1,1,0.0,0,0,0,0,0,0,0,2,2,6,,-3.0
C-a119b0,A-9f2731,2024-12-09,False,REPEATED_CHURN_WHILE_CHURNED,EVENT_SEQUENCE_INVALID,CONTRACT_AMBIGUOUS,subscription_end,7,7,7,3613.0,0,0,0,0,0,0,0,0,0,3,,-17.0
C-a54597,A-9f9299,2024-03-24,False,VALID_CHURN_TRANSITION,EVENT_SEQUENCE_VALID,CONTRACT_AMBIGUOUS,subscription_end,4,4,4,13048.0,0,0,0,0,0,0,0,0,1,2,118.0,11.0
C-1965c1,A-9f9299,2024-10-08,False,REPEATED_CHURN_WHILE_CHURNED,EVENT_SEQUENCE_INVALID,CONTRACT_AMBIGUOUS,subscription_end,9,9,9,31024.0,0,0,0,0,0,0,0,1,1,2,-54.0,-2.0
C-ad8b54,A-a09355,2024-09-13,False,VALID_CHURN_TRANSITION,EVENT_SEQUENCE_VALID,CONTRACT_AMBIGUOUS,subscription_end,2,2,2,6236.0,0,0,0,0,0,0,0,0,2,3,72.0,11.0
C-675c0a,A-a09355,2024-10-18,False,REPEATED_CHURN_WHILE_CHURNED,EVENT_SEQUENCE_INVALID,CONTRACT_AMBIGUOUS,subscription_end,4,4,5,9757.0,0,0,0,0,0,0,2,3,4,9,37.0,1.0
C-d33672,A-a1b80b,2024-07-11,True,INVALID_REACTIVATION_WHILE_ACTIVE,EVENT_SEQUENCE_INVALID,CONTRACT_SUPPORTED,subscription_start,8,8,8,21287.0,0,0,0,0,1,0,0,2,4,4,24.0,4.0
C-ef9abf,A-a33200,2024-10-07,False,VALID_CHURN_TRANSITION,EVENT_SEQUENCE_VALID,CONTRACT_AMBIGUOUS,subscription_end,2,2,2,7192.0,0,0,0,0,0,0,0,2,5,7,48.0,7.0
C-d84a6d,A-a45270,2024-11-12,False,VALID_CHURN_TRANSITION,EVENT_SEQUENCE_VALID,CONTRACT_AMBIGUOUS,subscription_end,9,9,9,19387.0,0,0,0,0,0,0,0,1,2,2,48.0,3.0
C-b60cf0,A-a6d261,2024-03-10,False,VALID_CHURN_TRANSITION,EVENT_SEQUENCE_VALID,CONTRACT_AMBIGUOUS,subscription_end,6,6,6,7755.0,0,0,0,0,0,0,0,1,2,2,261.0,-3.0
C-edb201,A-a7bd4b,2024-10-15,False,VALID_CHURN_TRANSITION,EVENT_SEQUENCE_VALID,CONTRACT_SUPPORTED,subscription_end,9,9,9,6097.0,0,0,2,2,3,0,0,0,0,2,-2.0,-20.0
C-e42d29,A-a865bd,2023-11-26,False,INVALID_EVENT_TIME,EVENT_SEQUENCE_INVALID,CONTRACT_UNSUPPORTED,subscription_end,0,0,0,0.0,0,0,0,0,0,0,0,0,0,0,,52.0
C-8eda06,A-a865bd,2024-03-18,False,VALID_CHURN_TRANSITION,EVENT_SEQUENCE_VALID,CONTRACT_AMBIGUOUS,subscription_end,1,1,1,1862.0,0,0,0,0,0,0,0,0,0,1,,24.0
C-3f2f59,A-a8b49c,2024-06-17,False,VALID_CHURN_TRANSITION,EVENT_SEQUENCE_VALID,CONTRACT_AMBIGUOUS,subscription_end,9,9,9,4458.0,0,0,0,0,0,0,0,0,0,1,,-15.0
C-38b77f,A-a8d89d,2024-01-18,False,VALID_CHURN_TRANSITION,EVENT_SEQUENCE_VALID,CONTRACT_AMBIGUOUS,subscription_end,1,1,1,15522.0,0,0,0,0,0,0,0,0,0,0,,-37.0
C-cd7797,A-a8d89d,2024-08-26,False,REPEATED_CHURN_WHILE_CHURNED,EVENT_SEQUENCE_INVALID,CONTRACT_AMBIGUOUS,subscription_end,6,6,6,20344.0,0,0,0,0,0,0,0,1,1,3,,-2.0
C-e601dc,A-aa9511,2023-10-17,False,VALID_CHURN_TRANSITION,EVENT_SEQUENCE_VALID,CONTRACT_AMBIGUOUS,subscription_end,1,1,1,1127.0,0,0,0,0,0,0,0,1,2,3,328.0,-6.0
C-ac34ca,A-ab438f,2024-12-02,False,VALID_CHURN_TRANSITION,EVENT_SEQUENCE_VALID,CONTRACT_AMBIGUOUS,subscription_end,5,5,5,13134.0,0,0,0,1,3,0,0,3,4,5,13.0,3.0
C-249af9,A-ac14bb,2024-08-29,False,VALID_CHURN_TRANSITION,EVENT_SEQUENCE_VALID,CONTRACT_AMBIGUOUS,subscription_end,7,7,7,27347.0,0,0,0,0,0,0,0,0,0,0,52.0,-57.0
C-f180f4,A-ac14bb,2024-10-01,False,REPEATED_CHURN_WHILE_CHURNED,EVENT_SEQUENCE_INVALID,CONTRACT_AMBIGUOUS,subscription_end,7,7,7,27347.0,0,0,0,0,1,0,0,0,0,0,19.0,-90.0
C-62e7a3,A-ac85cd,2024-10-20,False,VALID_CHURN_TRANSITION,EVENT_SEQUENCE_VALID,CONTRACT_AMBIGUOUS,subscription_end,4,4,4,7208.0,0,0,0,0,0,0,0,1,1,4,54.0,-7.0
C-36d17e,A-ac85cd,2024-12-13,True,VALID_REACTIVATION_TRANSITION,EVENT_SEQUENCE_VALID,CONTRACT_SUPPORTED,subscription_start,9,9,8,23958.0,1,1,3,3,3,0,0,1,6,6,0.0,-4.0
C-75abb3,A-ac9111,2024-06-25,False,VALID_CHURN_TRANSITION,EVENT_SEQUENCE_VALID,CONTRACT_SUPPORTED,subscription_end,5,5,5,7616.0,0,0,1,1,1,0,0,0,2,2,-5.0,-9.0
C-61ced5,A-acb7f7,2024-03-21,False,VALID_CHURN_TRANSITION,EVENT_SEQUENCE_VALID,CONTRACT_AMBIGUOUS,subscription_end,3,3,3,13477.0,0,0,0,0,0,0,0,2,2,4,,3.0
C-2f61e8,A-ad3abd,2023-07-12,False,VALID_CHURN_TRANSITION,EVENT_SEQUENCE_VALID,CONTRACT_AMBIGUOUS,subscription_end,3,3,3,11748.0,0,0,0,0,0,0,0,0,0,0,207.0,-63.0
C-9e8172,A-ad64c6,2024-07-03,False,VALID_CHURN_TRANSITION,EVENT_SEQUENCE_VALID,CONTRACT_AMBIGUOUS,subscription_end,2,2,2,7960.0,0,0,0,0,0,0,0,0,0,2,131.0,-18.0
C-811879,A-ad64c6,2024-07-29,False,REPEATED_CHURN_WHILE_CHURNED,EVENT_SEQUENCE_INVALID,CONTRACT_AMBIGUOUS,subscription_end,3,3,3,7960.0,0,0,0,0,0,0,0,1,1,2,105.0,-5.0
C-462222,A-ae052e,2023-10-07,False,INVALID_EVENT_TIME,EVENT_SEQUENCE_INVALID,CONTRACT_UNSUPPORTED,subscription_end,0,0,0,0.0,0,0,0,0,0,0,0,0,0,0,388.0,107.0
C-7f0644,A-ae052e,2024-10-17,False,VALID_CHURN_TRANSITION,EVENT_SEQUENCE_VALID,CONTRACT_AMBIGUOUS,subscription_end,3,3,3,3822.0,0,0,0,1,1,0,0,1,1,1,12.0,7.0
C-02f4fa,A-ae052e,2024-11-13,False,REPEATED_CHURN_WHILE_CHURNED,EVENT_SEQUENCE_INVALID,CONTRACT_AMBIGUOUS,subscription_end,3,3,3,5733.0,0,0,0,0,3,0,0,0,0,2,-15.0,15.0
C-b0b16c,A-ae052e,2024-12-14,False,REPEATED_CHURN_WHILE_CHURNED,EVENT_SEQUENCE_INVALID,CONTRACT_SUPPORTED,subscription_end,2,2,2,3822.0,0,0,1,2,2,0,0,1,1,2,-3.0,3.0
C-481838,A-af0cd2,2023-10-26,False,VALID_CHURN_TRANSITION,EVENT_SEQUENCE_VALID,CONTRACT_AMBIGUOUS,subscription_end,7,7,7,4085.0,0,0,0,0,0,0,1,1,2,3,263.0,-1.0
C-2c86b1,A-afa505,2024-03-02,False,VALID_CHURN_TRANSITION,EVENT_SEQUENCE_VALID,CONTRACT_AMBIGUOUS,subscription_end,2,2,2,3430.0,0,0,0,0,0,0,0,0,0,1,218.0,-21.0
C-a174be,A-b07346,2024-11-12,False,VALID_CHURN_TRANSITION,EVENT_SEQUENCE_VALID,CONTRACT_AMBIGUOUS,subscription_end,1,1,1,969.0,0,0,0,0,0,0,0,1,2,3,,-6.0
C-bd5b55,A-b07b56,2024-12-24,False,VALID_CHURN_TRANSITION,EVENT_SEQUENCE_VALID,CONTRACT_AMBIGUOUS,subscription_end,14,14,14,16984.0,0,0,0,0,1,0,0,3,5,12,-15.0,-3.0
C-c4e0b8,A-b179bf,2024-10-31,False,VALID_CHURN_TRANSITION,EVENT_SEQUENCE_VALID,CONTRACT_AMBIGUOUS,subscription_end,1,1,1,0.0,0,0,0,0,0,0,0,1,1,2,,-4.0
C-2c9dae,A-b179bf,2024-11-25,False,REPEATED_CHURN_WHILE_CHURNED,EVENT_SEQUENCE_INVALID,CONTRACT_AMBIGUOUS,subscription_end,2,2,2,8557.0,0,0,0,0,0,0,0,0,1,5,,-10.0
C-a6d0e1,A-b179bf,2024-12-05,False,REPEATED_CHURN_WHILE_CHURNED,EVENT_SEQUENCE_INVALID,CONTRACT_AMBIGUOUS,subscription_end,2,2,2,8557.0,0,0,0,0,0,0,0,0,0,4,,19.0
C-a8ac26,A-b20d99,2024-03-04,False,VALID_CHURN_TRANSITION,EVENT_SEQUENCE_VALID,CONTRACT_AMBIGUOUS,subscription_end,2,2,2,4360.0,0,0,0,0,0,0,0,0,0,1,,23.0
C-62daa0,A-b2225d,2024-03-31,False,INVALID_EVENT_TIME,EVENT_SEQUENCE_INVALID,CONTRACT_UNSUPPORTED,subscription_end,0,0,0,0.0,0,0,0,0,0,0,0,1,1,1,,2.0
C-16ddba,A-b2225d,2024-05-16,False,VALID_CHURN_TRANSITION,EVENT_SEQUENCE_VALID,CONTRACT_AMBIGUOUS,subscription_end,2,2,2,9353.0,0,0,0,0,0,0,0,3,3,3,,-3.0
C-043665,A-b2225d,2024-06-27,True,VALID_REACTIVATION_TRANSITION,EVENT_SEQUENCE_VALID,CONTRACT_AMBIGUOUS,subscription_start,4,4,4,10246.0,0,0,0,0,0,0,0,0,0,0,,-36.0
C-9a1ccc,A-b2af2e,2024-11-14,False,VALID_CHURN_TRANSITION,EVENT_SEQUENCE_VALID,CONTRACT_AMBIGUOUS,subscription_end,3,3,3,2086.0,0,0,0,0,0,0,0,0,0,0,,-31.0
C-2fc9c4,A-b30291,2024-09-03,False,VALID_CHURN_TRANSITION,EVENT_SEQUENCE_VALID,CONTRACT_AMBIGUOUS,subscription_end,5,5,5,4351.0,0,0,0,0,0,0,0,0,0,2,60.0,23.0
C-fe7ee4,A-b44e3e,2024-04-14,False,VALID_CHURN_TRANSITION,EVENT_SEQUENCE_VALID,CONTRACT_AMBIGUOUS,subscription_end,1,1,2,15721.0,0,0,0,0,0,0,1,2,2,2,257.0,1.0
C-515343,A-b54c01,2024-10-23,False,VALID_CHURN_TRANSITION,EVENT_SEQUENCE_VALID,CONTRACT_AMBIGUOUS,subscription_end,1,1,1,0.0,0,0,0,0,0,0,0,2,2,3,,5.0
C-db2e8d,A-b7724f,2023-08-25,False,VALID_CHURN_TRANSITION,EVENT_SEQUENCE_VALID,CONTRACT_AMBIGUOUS,subscription_end,1,1,1,627.0,0,0,0,0,0,0,0,0,0,0,404.0,-83.0
C-84f039,A-b7724f,2024-01-01,False,REPEATED_CHURN_WHILE_CHURNED,EVENT_SEQUENCE_INVALID,CONTRACT_AMBIGUOUS,subscription_end,1,1,1,627.0,0,0,0,0,0,0,0,0,0,0,275.0,171.0
C-e49016,A-b7724f,2024-09-01,True,VALID_REACTIVATION_TRANSITION,EVENT_SEQUENCE_VALID,CONTRACT_AMBIGUOUS,subscription_start,3,3,3,1064.0,0,0,0,0,0,0,0,0,2,3,31.0,14.0
C-736efa,A-b78bf8,2024-12-06,False,VALID_CHURN_TRANSITION,EVENT_SEQUENCE_VALID,CONTRACT_AMBIGUOUS,subscription_end,4,4,4,9438.0,0,0,0,0,0,0,0,2,5,8,,2.0
C-cd8fba,A-b7ef83,2024-06-01,True,INVALID_EVENT_TIME,EVENT_SEQUENCE_INVALID,CONTRACT_AMBIGUOUS,subscription_start,0,0,0,0.0,0,0,0,0,0,0,0,0,1,6,192.0,11.0
C-f67026,A-b7ef83,2024-07-24,False,VALID_CHURN_TRANSITION,EVENT_SEQUENCE_VALID,CONTRACT_AMBIGUOUS,subscription_end,6,6,6,11881.0,0,0,0,0,0,0,0,0,0,3,139.0,-23.0
C-8d2bf5,A-b9eed8,2024-04-23,True,INVALID_REACTIVATION_WHILE_ACTIVE,EVENT_SEQUENCE_INVALID,CONTRACT_AMBIGUOUS,subscription_start,1,1,1,2985.0,0,0,0,0,0,0,0,0,1,1,,14.0
C-875dc5,A-b9f5b1,2023-07-21,False,VALID_CHURN_TRANSITION,EVENT_SEQUENCE_VALID,CONTRACT_AMBIGUOUS,subscription_end,1,1,1,0.0,0,0,0,0,0,0,0,0,0,0,436.0,102.0
C-b411ad,A-ba6516,2024-03-17,False,VALID_CHURN_TRANSITION,EVENT_SEQUENCE_VALID,CONTRACT_AMBIGUOUS,subscription_end,4,3,4,7209.0,0,0,0,0,0,1,1,2,2,4,,0.0
C-a77cbf,A-bad8c1,2023-10-04,True,INVALID_REACTIVATION_WHILE_ACTIVE,EVENT_SEQUENCE_INVALID,CONTRACT_AMBIGUOUS,subscription_start,2,2,2,3444.0,0,0,0,0,0,0,0,0,0,1,,-18.0
C-30462f,A-bb1486,2024-11-21,False,VALID_CHURN_TRANSITION,EVENT_SEQUENCE_VALID,CONTRACT_AMBIGUOUS,subscription_end,3,3,3,7448.0,0,0,0,0,1,0,0,3,4,7,28.0,2.0
C-b6bc5f,A-bb1486,2024-11-23,True,VALID_REACTIVATION_TRANSITION,EVENT_SEQUENCE_VALID,CONTRACT_SUPPORTED,subscription_start,4,3,4,9457.0,0,0,0,0,1,1,1,3,5,7,26.0,0.0
C-5d5768,A-bb1eaa,2024-08-15,False,VALID_CHURN_TRANSITION,EVENT_SEQUENCE_VALID,CONTRACT_AMBIGUOUS,subscription_end,3,3,3,4977.0,0,0,0,0,0,0,0,0,0,2,,-18.0
C-a529cf,A-bb3bd4,2024-05-30,False,VALID_CHURN_TRANSITION,EVENT_SEQUENCE_VALID,CONTRACT_AMBIGUOUS,subscription_end,2,2,2,5704.0,0,0,0,0,0,0,0,0,1,2,,12.0
C-ba8af4,A-bb3bd4,2024-06-30,False,REPEATED_CHURN_WHILE_CHURNED,EVENT_SEQUENCE_INVALID,CONTRACT_AMBIGUOUS,subscription_end,3,3,3,6141.0,0,0,0,0,0,0,0,0,0,1,,-19.0
C-06a2e6,A-bbc346,2024-10-31,False,VALID_CHURN_TRANSITION,EVENT_SEQUENCE_VALID,CONTRACT_SUPPORTED,subscription_end,6,6,6,21248.0,0,0,1,2,2,0,0,0,1,4,-5.0,-11.0
C-07ec1f,A-bbc346,2024-11-03,False,REPEATED_CHURN_WHILE_CHURNED,EVENT_SEQUENCE_INVALID,CONTRACT_AMBIGUOUS,subscription_end,6,6,6,21248.0,0,0,0,2,2,0,0,0,1,3,-8.0,-14.0
C-2886ac,A-bcbe98,2024-11-25,False,VALID_CHURN_TRANSITION,EVENT_SEQUENCE_VALID,CONTRACT_AMBIGUOUS,subscription_end,9,9,9,19918.0,0,0,0,0,0,0,0,2,3,3,,-5.0
C-bb3556,A-bcf664,2024-08-08,False,VALID_CHURN_TRANSITION,EVENT_SEQUENCE_VALID,CONTRACT_AMBIGUOUS,subscription_end,7,7,7,6568.0,0,0,0,0,0,0,0,0,1,3,-246.0,14.0
C-9d36da,A-bcf664,2024-08-17,True,VALID_REACTIVATION_TRANSITION,EVENT_SEQUENCE_VALID,CONTRACT_SUPPORTED,subscription_start,7,7,7,6568.0,0,0,0,0,0,0,0,1,2,3,-255.0,5.0
C-17044c,A-bcf664,2024-10-04,True,INVALID_REACTIVATION_WHILE_ACTIVE,EVENT_SEQUENCE_INVALID,CONTRACT_AMBIGUOUS,subscription_start,10,10,10,7644.0,0,0,0,0,0,0,0,0,0,0,-303.0,-32.0
C-ebc01c,A-bd4513,2024-12-07,False,VALID_CHURN_TRANSITION,EVENT_SEQUENCE_VALID,CONTRACT_AMBIGUOUS,subscription_end,6,6,6,34504.0,0,0,0,1,2,0,0,3,8,12,10.0,-6.0
C-bd5e5e,A-bd4513,2024-12-09,False,REPEATED_CHURN_WHILE_CHURNED,EVENT_SEQUENCE_INVALID,CONTRACT_AMBIGUOUS,subscription_end,6,6,6,34504.0,0,0,0,2,2,0,0,3,8,12,8.0,4.0
C-5cfad3,A-bece89,2023-12-16,False,INVALID_EVENT_TIME,EVENT_SEQUENCE_INVALID,CONTRACT_UNSUPPORTED,subscription_end,0,0,0,0.0,0,0,0,0,0,0,0,0,0,0,,33.0
C-7f85f4,A-bece89,2024-07-27,False,VALID_CHURN_TRANSITION,EVENT_SEQUENCE_VALID,CONTRACT_AMBIGUOUS,subscription_end,5,5,5,17388.0,0,0,0,0,0,0,0,0,0,0,,-68.0
C-a45909,A-bf7919,2024-12-06,False,INVALID_EVENT_TIME,EVENT_SEQUENCE_INVALID,CONTRACT_AMBIGUOUS,subscription_end,0,0,1,0.0,0,0,0,0,1,0,1,2,2,6,23.0,1.0
C-2608a3,A-bf7919,2024-12-17,False,VALID_CHURN_TRANSITION,EVENT_SEQUENCE_VALID,CONTRACT_AMBIGUOUS,subscription_end,2,2,2,597.0,0,0,0,1,1,0,0,3,6,6,12.0,4.0
C-c5e093,A-c16101,2024-11-13,True,INVALID_REACTIVATION_WHILE_ACTIVE,EVENT_SEQUENCE_INVALID,CONTRACT_AMBIGUOUS,subscription_start,8,8,8,7701.0,0,0,0,0,0,0,0,0,0,4,,-20.0
C-33fc6a,A-c16101,2024-12-19,False,VALID_CHURN_TRANSITION,EVENT_SEQUENCE_VALID,CONTRACT_AMBIGUOUS,subscription_end,9,9,9,12079.0,0,0,0,0,0,0,0,1,2,2,,6.0
C-27e9c1,A-c16b88,2024-06-01,False,VALID_CHURN_TRANSITION,EVENT_SEQUENCE_VALID,CONTRACT_AMBIGUOUS,subscription_end,2,2,2,0.0,0,0,0,0,0,0,0,1,2,3,40.0,2.0
C-562e14,A-c16cf7,2024-11-08,False,VALID_CHURN_TRANSITION,EVENT_SEQUENCE_VALID,CONTRACT_SUPPORTED,subscription_end,5,5,5,7646.0,0,0,1,1,1,0,0,2,3,8,4.0,5.0
C-065699,A-c16cf7,2024-12-07,False,REPEATED_CHURN_WHILE_CHURNED,EVENT_SEQUENCE_INVALID,CONTRACT_AMBIGUOUS,subscription_end,7,5,7,6586.0,0,0,0,0,1,2,2,2,3,5,-25.0,0.0
C-6a6ed3,A-c1dfe1,2023-09-21,False,INVALID_EVENT_TIME,EVENT_SEQUENCE_INVALID,CONTRACT_UNSUPPORTED,subscription_end,0,0,0,0.0,0,0,0,0,0,0,0,0,0,0,178.0,35.0
C-a8e84b,A-c1dfe1,2024-06-06,False,VALID_CHURN_TRANSITION,EVENT_SEQUENCE_VALID,CONTRACT_AMBIGUOUS,subscription_end,4,4,4,11469.0,0,0,0,0,0,0,0,0,0,0,-81.0,31.0
C-8f9053,A-c1e51e,2024-11-09,False,VALID_CHURN_TRANSITION,EVENT_SEQUENCE_VALID,CONTRACT_AMBIGUOUS,subscription_end,3,3,3,3409.0,0,0,0,0,0,0,0,1,3,6,39.0,-7.0
C-5f450a,A-c1e51e,2024-12-20,False,REPEATED_CHURN_WHILE_CHURNED,EVENT_SEQUENCE_INVALID,CONTRACT_SUPPORTED,subscription_end,6,6,7,13001.0,0,0,1,3,3,0,1,2,5,6,-2.0,1.0
C-a1d45c,A-c222ab,2024-06-10,False,INVALID_EVENT_TIME,EVENT_SEQUENCE_INVALID,CONTRACT_UNSUPPORTED,subscription_end,0,0,0,0.0,0,0,0,0,0,0,0,0,0,0,172.0,75.0
C-2dbe71,A-c222ab,2024-06-14,False,INVALID_EVENT_TIME,EVENT_SEQUENCE_INVALID,CONTRACT_UNSUPPORTED,subscription_end,0,0,0,0.0,0,0,0,0,0,0,0,0,0,0,168.0,71.0
C-cdb4d0,A-c222ab,2024-10-05,False,VALID_CHURN_TRANSITION,EVENT_SEQUENCE_VALID,CONTRACT_AMBIGUOUS,subscription_end,3,3,3,9504.0,0,0,0,0,0,0,0,1,1,3,55.0,2.0
C-d47c85,A-c37601,2024-12-17,False,VALID_CHURN_TRANSITION,EVENT_SEQUENCE_VALID,CONTRACT_AMBIGUOUS,subscription_end,5,4,5,5675.0,0,0,0,2,2,1,1,3,7,8,-8.0,0.0
C-816288,A-c37cab,2024-10-27,False,VALID_CHURN_TRANSITION,EVENT_SEQUENCE_VALID,CONTRACT_AMBIGUOUS,subscription_end,8,8,8,28112.0,0,0,0,0,1,0,1,1,3,6,-28.0,-1.0
C-4bbb74,A-c37cab,2024-11-16,False,REPEATED_CHURN_WHILE_CHURNED,EVENT_SEQUENCE_INVALID,CONTRACT_AMBIGUOUS,subscription_end,8,8,8,28112.0,0,0,0,0,1,0,0,0,1,5,27.0,10.0
C-374d5d,A-c43359,2024-12-12,False,VALID_CHURN_TRANSITION,EVENT_SEQUENCE_VALID,CONTRACT_AMBIGUOUS,subscription_end,4,4,4,10146.0,0,0,0,1,2,0,1,4,6,8,-14.0,-1.0
C-54993f,A-c43359,2024-12-19,False,REPEATED_CHURN_WHILE_CHURNED,EVENT_SEQUENCE_INVALID,CONTRACT_AMBIGUOUS,subscription_end,6,6,6,10868.0,0,0,0,1,2,0,0,3,5,7,11.0,-2.0
C-2447b3,A-c45b23,2024-03-24,True,INVALID_REACTIVATION_WHILE_ACTIVE,EVENT_SEQUENCE_INVALID,CONTRACT_AMBIGUOUS,subscription_start,3,3,3,740.0,0,0,0,0,0,0,0,0,0,1,266.0,16.0
C-8ab44a,A-c58f49,2024-08-27,False,VALID_CHURN_TRANSITION,EVENT_SEQUENCE_VALID,CONTRACT_AMBIGUOUS,subscription_end,1,1,1,1330.0,0,0,0,0,0,0,0,0,0,2,,17.0
C-3003bc,A-c58f49,2024-09-03,False,REPEATED_CHURN_WHILE_CHURNED,EVENT_SEQUENCE_INVALID,CONTRACT_AMBIGUOUS,subscription_end,1,1,1,1330.0,0,0,0,0,0,0,0,0,1,2,,10.0
C-9c4603,A-c58f49,2024-09-21,False,REPEATED_CHURN_WHILE_CHURNED,EVENT_SEQUENCE_INVALID,CONTRACT_AMBIGUOUS,subscription_end,2,2,2,15260.0,0,0,0,0,0,0,0,0,2,3,,-8.0
C-c5b2e8,A-c608c8,2024-06-04,False,VALID_CHURN_TRANSITION,EVENT_SEQUENCE_VALID,CONTRACT_AMBIGUOUS,subscription_end,5,5,5,6201.0,0,0,0,0,1,0,0,1,1,1,25.0,3.0
C-5d5a64,A-c70870,2024-12-13,False,VALID_CHURN_TRANSITION,EVENT_SEQUENCE_VALID,CONTRACT_AMBIGUOUS,subscription_end,4,4,4,1178.0,0,0,0,0,0,0,0,3,3,6,,2.0
C-0c829f,A-c7ffc2,2023-04-15,False,INVALID_EVENT_TIME,EVENT_SEQUENCE_INVALID,CONTRACT_UNSUPPORTED,subscription_end,0,0,0,0.0,0,0,0,0,0,0,0,0,0,0,,40.0
C-2d0569,A-c7ffc2,2023-11-11,False,VALID_CHURN_TRANSITION,EVENT_SEQUENCE_VALID,CONTRACT_AMBIGUOUS,subscription_end,5,5,5,14661.0,0,0,0,0,0,0,0,0,1,1,,-10.0
C-865f19,A-c9bb3e,2024-07-29,False,VALID_CHURN_TRANSITION,EVENT_SEQUENCE_VALID,CONTRACT_AMBIGUOUS,subscription_end,3,3,3,6557.0,0,0,0,0,0,0,0,0,0,2,-118.0,15.0
C-f8d15f,A-c9bb3e,2024-10-03,False,REPEATED_CHURN_WHILE_CHURNED,EVENT_SEQUENCE_INVALID,CONTRACT_AMBIGUOUS,subscription_end,7,7,7,9730.0,0,0,0,0,0,0,0,1,1,4,-184.0,-3.0
C-d2077d,A-cab532,2024-07-10,False,VALID_CHURN_TRANSITION,EVENT_SEQUENCE_VALID,CONTRACT_AMBIGUOUS,subscription_end,10,10,10,13116.0,0,0,0,0,0,0,0,1,2,2,157.0,-3.0
C-4f6e40,A-cb5333,2024-08-11,False,VALID_CHURN_TRANSITION,EVENT_SEQUENCE_VALID,CONTRACT_AMBIGUOUS,subscription_end,9,9,9,10977.0,0,0,0,0,0,0,0,0,1,4,-60.0,-13.0
C-e11abb,A-cc102e,2024-04-25,False,INVALID_EVENT_TIME,EVENT_SEQUENCE_INVALID,CONTRACT_UNSUPPORTED,subscription_end,0,0,0,0.0,0,0,0,0,0,0,0,0,2,2,155.0,11.0
C-ce47da,A-cc102e,2024-11-19,False,VALID_CHURN_TRANSITION,EVENT_SEQUENCE_VALID,CONTRACT_AMBIGUOUS,subscription_end,7,6,7,7758.0,0,0,0,0,0,1,1,1,2,4,-53.0,0.0
C-e20cc6,A-cc102e,2024-11-19,False,REPEATED_CHURN_WHILE_CHURNED,EVENT_SEQUENCE_INVALID,CONTRACT_AMBIGUOUS,subscription_end,7,6,7,7758.0,0,0,0,0,0,1,1,1,2,4,-53.0,0.0
C-72d074,A-cc1d8d,2024-12-17,False,VALID_CHURN_TRANSITION,EVENT_SEQUENCE_VALID,CONTRACT_AMBIGUOUS,subscription_end,7,6,7,5062.0,0,0,0,0,0,1,2,9,13,13,,0.0
C-17fb24,A-cc1d8d,2024-12-19,False,REPEATED_CHURN_WHILE_CHURNED,EVENT_SEQUENCE_INVALID,CONTRACT_AMBIGUOUS,subscription_end,7,7,8,5062.0,0,0,0,0,0,0,1,8,13,13,,1.0
C-64ba8a,A-cc8c8f,2024-09-12,False,VALID_CHURN_TRANSITION,EVENT_SEQUENCE_VALID,CONTRACT_SUPPORTED,subscription_end,2,2,2,6009.0,0,0,1,1,1,0,0,0,0,1,-7.0,25.0
C-0af764,A-ccabf0,2024-05-05,False,VALID_CHURN_TRANSITION,EVENT_SEQUENCE_VALID,CONTRACT_AMBIGUOUS,subscription_end,6,6,6,21759.0,0,0,0,0,0,0,0,0,0,1,185.0,16.0
C-e6a0f0,A-ccabf0,2024-10-31,False,REPEATED_CHURN_WHILE_CHURNED,EVENT_SEQUENCE_INVALID,CONTRACT_SUPPORTED,subscription_end,10,10,10,22379.0,0,0,1,1,1,0,0,0,0,1,6.0,-16.0
C-86a446,A-ccb686,2024-06-22,False,VALID_CHURN_TRANSITION,EVENT_SEQUENCE_VALID,CONTRACT_AMBIGUOUS,subscription_end,6,6,6,4355.0,0,0,0,0,0,0,0,1,1,1,110.0,-2.0
C-615769,A-ccb686,2024-11-08,False,REPEATED_CHURN_WHILE_CHURNED,EVENT_SEQUENCE_INVALID,CONTRACT_AMBIGUOUS,subscription_end,9,9,9,19152.0,0,0,0,0,1,0,0,0,0,1,-29.0,28.0
C-02a354,A-ccb686,2024-11-24,False,REPEATED_CHURN_WHILE_CHURNED,EVENT_SEQUENCE_INVALID,CONTRACT_AMBIGUOUS,subscription_end,9,9,9,19152.0,0,0,0,0,0,0,0,0,1,2,-45.0,12.0
C-86f8a6,A-ccc747,2024-04-15,False,INVALID_EVENT_TIME,EVENT_SEQUENCE_INVALID,CONTRACT_UNSUPPORTED,subscription_end,0,0,0,0.0,0,0,0,0,0,0,0,0,0,1,259.0,28.0
C-65cff3,A-ccc747,2024-08-07,False,VALID_CHURN_TRANSITION,EVENT_SEQUENCE_VALID,CONTRACT_AMBIGUOUS,subscription_end,3,3,3,2597.0,0,0,0,0,0,0,0,0,0,1,145.0,-24.0
C-ca81a1,A-ccc747,2024-09-02,False,REPEATED_CHURN_WHILE_CHURNED,EVENT_SEQUENCE_INVALID,CONTRACT_AMBIGUOUS,subscription_end,3,3,3,2597.0,0,0,0,0,0,0,0,0,1,1,119.0,9.0
C-a4f797,A-cd458b,2024-11-07,False,VALID_CHURN_TRANSITION,EVENT_SEQUENCE_VALID,CONTRACT_AMBIGUOUS,subscription_end,10,10,10,27937.0,0,0,0,0,0,0,0,0,2,3,-54.0,-12.0
C-b38b8a,A-cdf020,2023-12-08,False,VALID_CHURN_TRANSITION,EVENT_SEQUENCE_VALID,CONTRACT_AMBIGUOUS,subscription_end,1,1,1,1519.0,0,0,0,0,0,0,0,1,1,1,208.0,-7.0
C-3efa9b,A-cdf020,2024-11-07,True,VALID_REACTIVATION_TRANSITION,EVENT_SEQUENCE_VALID,CONTRACT_AMBIGUOUS,subscription_start,6,6,6,14348.0,0,0,1,1,1,0,0,0,0,1,3.0,-29.0
C-2cec7e,A-ce550d,2024-12-28,False,VALID_CHURN_TRANSITION,EVENT_SEQUENCE_VALID,CONTRACT_SUPPORTED,subscription_end,8,8,8,27070.0,0,0,2,2,2,0,0,2,3,4,2.0,3.0
C-92da55,A-d26ab4,2024-12-26,False,VALID_CHURN_TRANSITION,EVENT_SEQUENCE_VALID,CONTRACT_AMBIGUOUS,subscription_end,7,7,8,9164.0,0,0,0,0,1,0,1,2,2,3,-26.0,1.0
C-22d30d,A-d3c88e,2024-11-18,False,VALID_CHURN_TRANSITION,EVENT_SEQUENCE_VALID,CONTRACT_AMBIGUOUS,subscription_end,5,5,6,4752.0,0,0,0,0,0,0,1,1,1,10,,1.0
C-721738,A-d42431,2024-06-26,False,VALID_CHURN_TRANSITION,EVENT_SEQUENCE_VALID,CONTRACT_AMBIGUOUS,subscription_end,1,1,1,418.0,0,0,0,0,0,0,0,0,1,2,171.0,12.0
C-156544,A-d42431,2024-10-12,False,REPEATED_CHURN_WHILE_CHURNED,EVENT_SEQUENCE_INVALID,CONTRACT_AMBIGUOUS,subscription_end,5,5,5,11321.0,0,0,0,0,0,0,0,1,2,2,63.0,5.0
C-0a0bf7,A-d49cc5,2024-04-12,False,VALID_CHURN_TRANSITION,EVENT_SEQUENCE_VALID,CONTRACT_AMBIGUOUS,subscription_end,2,2,2,3400.0,0,0,0,0,0,0,0,0,0,2,,-17.0
C-92e7a2,A-d535f6,2024-10-05,False,VALID_CHURN_TRANSITION,EVENT_SEQUENCE_VALID,CONTRACT_AMBIGUOUS,subscription_end,3,3,3,2616.0,0,0,0,0,0,0,0,1,4,4,,-6.0
C-7f909a,A-d535f6,2024-11-26,False,REPEATED_CHURN_WHILE_CHURNED,EVENT_SEQUENCE_INVALID,CONTRACT_AMBIGUOUS,subscription_end,6,6,6,4230.0,0,0,0,0,0,0,0,1,2,5,,-6.0
C-89af4e,A-d77f4c,2024-08-06,False,VALID_CHURN_TRANSITION,EVENT_SEQUENCE_VALID,CONTRACT_AMBIGUOUS,subscription_end,10,10,10,42455.0,0,0,0,0,0,0,0,1,1,2,134.0,-2.0
C-23ca8f,A-d77f4c,2024-10-03,False,REPEATED_CHURN_WHILE_CHURNED,EVENT_SEQUENCE_INVALID,CONTRACT_AMBIGUOUS,subscription_end,10,10,10,42455.0,0,0,0,0,0,0,0,1,1,1,76.0,7.0
C-fad4d3,A-d77f4c,2024-12-03,False,REPEATED_CHURN_WHILE_CHURNED,EVENT_SEQUENCE_INVALID,CONTRACT_AMBIGUOUS,subscription_end,12,12,12,48378.0,0,0,0,0,1,0,0,0,2,2,15.0,-13.0
C-3e764b,A-d792a6,2023-09-11,False,VALID_CHURN_TRANSITION,EVENT_SEQUENCE_VALID,CONTRACT_AMBIGUOUS,subscription_end,8,8,8,6562.0,0,0,0,0,0,0,0,0,1,1,175.0,-8.0
C-b8127e,A-d792a6,2024-08-13,False,REPEATED_CHURN_WHILE_CHURNED,EVENT_SEQUENCE_INVALID,CONTRACT_AMBIGUOUS,subscription_end,12,12,12,10019.0,0,0,0,0,0,0,0,0,0,0,-162.0,-40.0
C-cc90be,A-d82ef9,2024-08-06,False,VALID_CHURN_TRANSITION,EVENT_SEQUENCE_VALID,CONTRACT_AMBIGUOUS,subscription_end,3,3,4,3849.0,0,0,0,0,0,0,1,3,3,6,110.0,1.0
C-88a176,A-d922bf,2024-12-06,False,VALID_CHURN_TRANSITION,EVENT_SEQUENCE_VALID,CONTRACT_AMBIGUOUS,subscription_end,5,5,5,12338.0,0,0,0,0,0,0,0,1,1,1,-46.0,4.0
C-5f43c3,A-db5e9e,2024-12-29,False,VALID_CHURN_TRANSITION,EVENT_SEQUENCE_VALID,CONTRACT_SUPPORTED,subscription_end,7,8,7,5868.0,0,1,1,1,1,0,2,3,4,6,-1.0,-1.0
C-26576c,A-dbc825,2024-01-14,False,INVALID_EVENT_TIME,EVENT_SEQUENCE_INVALID,CONTRACT_UNSUPPORTED,subscription_end,0,0,0,0.0,0,0,0,0,0,0,0,1,2,2,204.0,5.0
C-7e7822,A-dbc825,2024-02-03,False,VALID_CHURN_TRANSITION,EVENT_SEQUENCE_VALID,CONTRACT_AMBIGUOUS,subscription_end,2,2,2,7562.0,0,0,0,0,0,0,0,0,1,2,184.0,-8.0
C-df72bb,A-dcc2f0,2024-04-10,False,VALID_CHURN_TRANSITION,EVENT_SEQUENCE_VALID,CONTRACT_AMBIGUOUS,subscription_end,8,8,8,11727.0,0,0,0,0,0,0,0,0,0,1,207.0,-28.0
C-7074f9,A-dcc3f1,2024-07-16,False,VALID_CHURN_TRANSITION,EVENT_SEQUENCE_VALID,CONTRACT_AMBIGUOUS,subscription_end,4,4,4,3392.0,0,0,0,0,0,0,0,0,0,1,,20.0
C-8eba65,A-dcc3f1,2024-10-10,False,REPEATED_CHURN_WHILE_CHURNED,EVENT_SEQUENCE_INVALID,CONTRACT_AMBIGUOUS,subscription_end,5,5,5,7770.0,0,0,0,0,0,0,0,1,1,2,,3.0
C-573a5c,A-dec005,2024-11-23,False,VALID_CHURN_TRANSITION,EVENT_SEQUENCE_VALID,CONTRACT_AMBIGUOUS,subscription_end,10,10,10,30744.0,0,0,0,1,1,0,0,0,2,2,10.0,-8.0
C-965d90,A-df10db,2024-05-19,False,VALID_CHURN_TRANSITION,EVENT_SEQUENCE_VALID,CONTRACT_AMBIGUOUS,subscription_end,6,5,6,2452.0,0,0,0,0,0,1,1,1,2,2,198.0,0.0
C-6b610a,A-df10db,2024-07-12,False,REPEATED_CHURN_WHILE_CHURNED,EVENT_SEQUENCE_INVALID,CONTRACT_AMBIGUOUS,subscription_end,9,9,9,9076.0,0,0,0,0,0,0,0,0,1,2,144.0,-10.0
C-c3b1e4,A-df1e44,2024-10-17,False,VALID_CHURN_TRANSITION,EVENT_SEQUENCE_VALID,CONTRACT_AMBIGUOUS,subscription_end,8,8,8,9267.0,0,0,0,0,0,0,0,0,1,1,59.0,12.0
C-5cd282,A-df1e44,2024-11-20,False,REPEATED_CHURN_WHILE_CHURNED,EVENT_SEQUENCE_INVALID,CONTRACT_AMBIGUOUS,subscription_end,9,9,9,11854.0,0,0,0,0,1,0,0,0,0,3,25.0,-22.0
C-9d8799,A-dfbd31,2024-01-01,False,VALID_CHURN_TRANSITION,EVENT_SEQUENCE_VALID,CONTRACT_AMBIGUOUS,subscription_end,2,2,2,0.0,0,0,0,0,0,0,1,1,1,2,,-1.0
C-b37401,A-dfbd31,2024-12-19,False,REPEATED_CHURN_WHILE_CHURNED,EVENT_SEQUENCE_INVALID,CONTRACT_AMBIGUOUS,subscription_end,14,14,14,25079.0,0,0,0,0,0,0,0,0,1,2,,-10.0
C-108b2a,A-e08cd3,2024-09-21,False,INVALID_EVENT_TIME,EVENT_SEQUENCE_INVALID,CONTRACT_UNSUPPORTED,subscription_end,0,0,0,0.0,0,0,0,0,0,0,0,0,2,5,91.0,9.0
C-cf17ca,A-e08cd3,2024-12-17,False,VALID_CHURN_TRANSITION,EVENT_SEQUENCE_VALID,CONTRACT_SUPPORTED,subscription_end,10,10,10,69747.0,0,0,1,1,1,0,0,1,3,4,4.0,-3.0
C-e73b7f,A-e1462e,2023-10-05,True,INVALID_REACTIVATION_WHILE_ACTIVE,EVENT_SEQUENCE_INVALID,CONTRACT_AMBIGUOUS,subscription_start,3,3,3,3720.0,0,0,0,0,0,0,0,0,0,0,,57.0
C-149fc9,A-e1462e,2024-12-05,False,VALID_CHURN_TRANSITION,EVENT_SEQUENCE_VALID,CONTRACT_AMBIGUOUS,subscription_end,7,7,7,12030.0,0,0,0,0,0,0,0,0,0,1,,-15.0
C-864f6f,A-e19ff6,2024-01-08,False,VALID_CHURN_TRANSITION,EVENT_SEQUENCE_VALID,CONTRACT_AMBIGUOUS,subscription_end,2,2,2,874.0,0,0,0,0,0,0,0,0,0,0,,58.0
C-626a5c,A-e19ff6,2024-04-18,False,REPEATED_CHURN_WHILE_CHURNED,EVENT_SEQUENCE_INVALID,CONTRACT_AMBIGUOUS,subscription_end,4,4,4,1266.0,0,0,0,0,0,0,0,0,0,1,,-24.0
C-3bf203,A-e19ff6,2024-06-27,False,REPEATED_CHURN_WHILE_CHURNED,EVENT_SEQUENCE_INVALID,CONTRACT_AMBIGUOUS,subscription_end,5,5,5,1285.0,0,0,0,0,0,0,0,2,2,3,,2.0
C-37929d,A-e1b9cd,2024-10-01,False,VALID_CHURN_TRANSITION,EVENT_SEQUENCE_VALID,CONTRACT_AMBIGUOUS,subscription_end,11,11,11,24402.0,0,0,0,0,0,0,0,2,2,2,-37.0,-3.0
C-c82861,A-e351e1,2024-10-24,False,VALID_CHURN_TRANSITION,EVENT_SEQUENCE_VALID,CONTRACT_AMBIGUOUS,subscription_end,3,3,3,2871.0,0,0,0,0,0,0,0,0,0,4,66.0,18.0
C-07fd6b,A-e351e1,2024-10-30,False,REPEATED_CHURN_WHILE_CHURNED,EVENT_SEQUENCE_INVALID,CONTRACT_AMBIGUOUS,subscription_end,3,3,3,2871.0,0,0,0,0,0,0,0,0,1,3,60.0,12.0
C-1f8fd5,A-e351e1,2024-12-04,True,VALID_REACTIVATION_TRANSITION,EVENT_SEQUENCE_VALID,CONTRACT_AMBIGUOUS,subscription_start,4,4,4,2871.0,0,0,0,0,1,0,0,0,0,2,25.0,22.0
C-b3431e,A-e3bd71,2023-12-30,False,VALID_CHURN_TRANSITION,EVENT_SEQUENCE_VALID,CONTRACT_AMBIGUOUS,subscription_end,1,1,1,6169.0,0,0,0,0,0,0,0,0,1,1,121.0,12.0
C-3db212,A-e40f45,2024-11-09,False,VALID_CHURN_TRANSITION,EVENT_SEQUENCE_VALID,CONTRACT_AMBIGUOUS,subscription_end,6,6,6,11426.0,0,0,0,0,0,0,0,0,0,1,43.0,15.0
C-2d03fc,A-e43bf7,2023-06-24,False,VALID_CHURN_TRANSITION,EVENT_SEQUENCE_VALID,CONTRACT_AMBIGUOUS,subscription_end,1,1,1,8756.0,0,0,0,0,0,0,0,0,1,1,,11.0
C-d08588,A-e51ec7,2024-01-15,False,VALID_CHURN_TRANSITION,EVENT_SEQUENCE_VALID,CONTRACT_AMBIGUOUS,subscription_end,1,1,1,4975.0,0,0,0,0,0,0,0,0,0,0,290.0,-49.0
C-8843d4,A-e51ec7,2024-01-29,False,REPEATED_CHURN_WHILE_CHURNED,EVENT_SEQUENCE_INVALID,CONTRACT_AMBIGUOUS,subscription_end,1,1,1,4975.0,0,0,0,0,0,0,0,0,0,0,276.0,53.0
C-ea6df1,A-e51ec7,2024-04-07,False,REPEATED_CHURN_WHILE_CHURNED,EVENT_SEQUENCE_INVALID,CONTRACT_AMBIGUOUS,subscription_end,2,2,2,4975.0,0,0,0,0,0,0,0,0,1,3,207.0,11.0
C-1e4b49,A-e5d6ab,2023-04-24,False,INVALID_EVENT_TIME,EVENT_SEQUENCE_INVALID,CONTRACT_UNSUPPORTED,subscription_end,0,0,0,0.0,0,0,0,0,0,0,0,0,0,1,375.0,17.0
C-22f536,A-e5d6ab,2024-05-11,False,VALID_CHURN_TRANSITION,EVENT_SEQUENCE_VALID,CONTRACT_AMBIGUOUS,subscription_end,5,5,5,7316.0,0,0,0,1,1,0,0,0,0,0,-8.0,47.0
C-53546c,A-e61e98,2024-10-19,False,VALID_CHURN_TRANSITION,EVENT_SEQUENCE_VALID,CONTRACT_AMBIGUOUS,subscription_end,9,9,9,13484.0,0,0,0,0,0,0,0,0,0,0,,-48.0
C-25c0d2,A-e693b6,2024-10-10,False,VALID_CHURN_TRANSITION,EVENT_SEQUENCE_VALID,CONTRACT_AMBIGUOUS,subscription_end,9,9,9,19470.0,0,0,0,0,0,0,0,0,1,1,-34.0,-14.0
C-4ab0e2,A-e7a1e2,2024-09-08,False,VALID_CHURN_TRANSITION,EVENT_SEQUENCE_VALID,CONTRACT_AMBIGUOUS,subscription_end,2,2,2,5174.0,0,0,0,0,0,0,0,0,0,2,96.0,29.0
C-f5a863,A-e7a1e2,2024-09-30,True,VALID_REACTIVATION_TRANSITION,EVENT_SEQUENCE_VALID,CONTRACT_SUPPORTED,subscription_start,2,2,2,5174.0,0,0,0,0,0,0,0,1,2,5,74.0,7.0
C-e2ecb7,A-e7a1e2,2024-12-11,False,VALID_CHURN_TRANSITION,EVENT_SEQUENCE_VALID,CONTRACT_SUPPORTED,subscription_end,10,10,10,11096.0,0,0,1,1,1,0,0,0,0,4,2.0,15.0
C-c179a3,A-e7beab,2024-04-25,False,VALID_CHURN_TRANSITION,EVENT_SEQUENCE_VALID,CONTRACT_AMBIGUOUS,subscription_end,4,4,4,7363.0,0,0,0,0,0,0,0,0,0,0,35.0,-40.0
C-0ec68d,A-e83938,2024-02-19,False,VALID_CHURN_TRANSITION,EVENT_SEQUENCE_VALID,CONTRACT_AMBIGUOUS,subscription_end,1,1,1,3184.0,0,0,0,0,0,0,0,0,1,1,,-11.0
C-5368b0,A-e83938,2024-08-11,False,REPEATED_CHURN_WHILE_CHURNED,EVENT_SEQUENCE_INVALID,CONTRACT_AMBIGUOUS,subscription_end,6,6,6,5084.0,0,0,0,0,0,0,0,0,0,2,,-25.0
C-2de339,A-e83938,2024-12-29,False,REPEATED_CHURN_WHILE_CHURNED,EVENT_SEQUENCE_INVALID,CONTRACT_AMBIGUOUS,subscription_end,8,8,8,7503.0,0,0,0,0,0,0,0,0,0,1,,-23.0
C-07f6e3,A-e888d1,2023-06-06,False,VALID_CHURN_TRANSITION,EVENT_SEQUENCE_VALID,CONTRACT_AMBIGUOUS,subscription_end,1,1,1,1026.0,0,0,0,0,0,0,0,0,0,2,341.0,-26.0
C-76793b,A-e888d1,2023-09-24,False,REPEATED_CHURN_WHILE_CHURNED,EVENT_SEQUENCE_INVALID,CONTRACT_AMBIGUOUS,subscription_end,4,4,4,7394.0,0,0,0,0,0,0,0,0,0,1,231.0,-20.0
C-d7ded6,A-e888d1,2024-11-29,False,REPEATED_CHURN_WHILE_CHURNED,EVENT_SEQUENCE_INVALID,CONTRACT_AMBIGUOUS,subscription_end,9,9,9,9629.0,0,0,0,0,1,0,0,1,1,3,29.0,-3.0
C-bc6f48,A-eafc6e,2023-07-31,False,INVALID_EVENT_TIME,EVENT_SEQUENCE_INVALID,CONTRACT_UNSUPPORTED,subscription_end,0,0,0,0.0,0,0,0,0,0,0,0,0,1,1,,8.0
C-f68651,A-eafc6e,2024-12-12,False,VALID_CHURN_TRANSITION,EVENT_SEQUENCE_VALID,CONTRACT_AMBIGUOUS,subscription_end,7,7,7,16229.0,0,0,0,0,0,0,0,0,0,0,,-43.0
C-eb9d5e,A-eb1312,2024-09-28,False,VALID_CHURN_TRANSITION,EVENT_SEQUENCE_VALID,CONTRACT_AMBIGUOUS,subscription_end,1,1,1,1225.0,0,0,0,0,0,0,0,0,3,3,89.0,10.0
C-3091b6,A-eb1312,2024-10-03,False,REPEATED_CHURN_WHILE_CHURNED,EVENT_SEQUENCE_INVALID,CONTRACT_AMBIGUOUS,subscription_end,1,1,1,1225.0,0,0,0,0,0,0,0,2,2,3,84.0,5.0
C-cfb464,A-eb2fdc,2024-05-26,False,VALID_CHURN_TRANSITION,EVENT_SEQUENCE_VALID,CONTRACT_AMBIGUOUS,subscription_end,5,5,5,13797.0,0,0,0,0,0,0,1,3,4,5,122.0,-1.0
C-cfa54b,A-eb7c38,2024-03-22,False,INVALID_EVENT_TIME,EVENT_SEQUENCE_INVALID,CONTRACT_UNSUPPORTED,subscription_end,0,0,0,0.0,0,0,0,0,0,0,0,0,0,2,133.0,20.0
C-9fd0cf,A-eb7fac,2024-07-22,False,VALID_CHURN_TRANSITION,EVENT_SEQUENCE_VALID,CONTRACT_AMBIGUOUS,subscription_end,5,5,5,36339.0,0,0,0,0,0,0,0,0,1,1,-91.0,-13.0
C-75e17f,A-ed510f,2023-05-05,False,VALID_CHURN_TRANSITION,EVENT_SEQUENCE_VALID,CONTRACT_AMBIGUOUS,subscription_end,2,2,2,2058.0,0,0,0,0,0,0,0,0,0,1,157.0,-16.0
C-466a70,A-ee42db,2023-06-23,False,VALID_CHURN_TRANSITION,EVENT_SEQUENCE_VALID,CONTRACT_AMBIGUOUS,subscription_end,1,1,1,637.0,0,0,0,0,0,0,0,1,1,1,,7.0
C-a6aa23,A-ee42db,2023-10-13,False,REPEATED_CHURN_WHILE_CHURNED,EVENT_SEQUENCE_INVALID,CONTRACT_AMBIGUOUS,subscription_end,3,3,3,1055.0,0,0,0,0,0,0,0,0,1,2,,8.0
C-17377e,A-ee42db,2024-03-07,False,REPEATED_CHURN_WHILE_CHURNED,EVENT_SEQUENCE_INVALID,CONTRACT_AMBIGUOUS,subscription_end,8,8,8,2775.0,0,0,0,0,0,0,0,0,0,2,,-16.0
C-ca1379,A-ee42db,2024-11-12,False,REPEATED_CHURN_WHILE_CHURNED,EVENT_SEQUENCE_INVALID,CONTRACT_AMBIGUOUS,subscription_end,11,11,11,10997.0,0,0,0,0,0,0,0,0,0,1,,-18.0
C-56b504,A-ef84cf,2024-08-14,True,INVALID_REACTIVATION_WHILE_ACTIVE,EVENT_SEQUENCE_INVALID,CONTRACT_SUPPORTED,subscription_start,4,5,4,7355.0,0,1,1,1,1,0,0,1,1,2,-1.0,-6.0
C-4b854f,A-ef84cf,2024-09-28,True,INVALID_REACTIVATION_WHILE_ACTIVE,EVENT_SEQUENCE_INVALID,CONTRACT_AMBIGUOUS,subscription_start,4,4,4,7355.0,0,0,0,0,0,0,0,0,0,0,-46.0,-51.0
C-7ab794,A-ef84cf,2024-11-20,False,VALID_CHURN_TRANSITION,EVENT_SEQUENCE_VALID,CONTRACT_AMBIGUOUS,subscription_end,4,4,4,7355.0,0,0,0,0,0,0,0,0,0,0,-99.0,-104.0
C-ab36fc,A-f03140,2024-10-03,False,VALID_CHURN_TRANSITION,EVENT_SEQUENCE_VALID,CONTRACT_AMBIGUOUS,subscription_end,8,8,9,15702.0,0,0,0,0,0,0,1,1,1,1,,1.0
C-05224a,A-f17767,2023-05-03,False,VALID_CHURN_TRANSITION,EVENT_SEQUENCE_VALID,CONTRACT_AMBIGUOUS,subscription_end,3,3,3,1918.0,0,0,0,0,0,0,1,1,1,1,114.0,-1.0
C-2f95dd,A-f19409,2023-03-26,False,INVALID_EVENT_TIME,EVENT_SEQUENCE_INVALID,CONTRACT_UNSUPPORTED,subscription_end,0,0,0,0.0,0,0,0,0,0,0,0,0,0,1,585.0,27.0
C-71ff03,A-f19409,2023-05-25,False,VALID_CHURN_TRANSITION,EVENT_SEQUENCE_VALID,CONTRACT_AMBIGUOUS,subscription_end,1,1,1,2156.0,0,0,0,0,0,0,0,0,0,0,525.0,-33.0
C-d3e2ab,A-f1f639,2023-10-18,True,INVALID_REACTIVATION_WHILE_ACTIVE,EVENT_SEQUENCE_INVALID,CONTRACT_AMBIGUOUS,subscription_start,2,2,2,1090.0,0,0,0,0,0,0,0,0,0,0,,-61.0
C-a24d30,A-f1f639,2024-04-07,False,VALID_CHURN_TRANSITION,EVENT_SEQUENCE_VALID,CONTRACT_AMBIGUOUS,subscription_end,3,3,3,1128.0,0,0,0,0,0,0,0,0,0,0,,-82.0
C-8ae2f5,A-f25509,2024-05-17,True,INVALID_EVENT_TIME,EVENT_SEQUENCE_INVALID,CONTRACT_AMBIGUOUS,subscription_start,0,0,0,0.0,0,0,0,0,0,0,0,0,1,2,,11.0
C-4cdb6f,A-f25509,2024-06-15,False,VALID_CHURN_TRANSITION,EVENT_SEQUENCE_VALID,CONTRACT_AMBIGUOUS,subscription_end,1,1,2,6368.0,0,0,0,0,0,0,1,1,1,3,,1.0
C-785e8e,A-f25509,2024-11-10,False,REPEATED_CHURN_WHILE_CHURNED,EVENT_SEQUENCE_INVALID,CONTRACT_AMBIGUOUS,subscription_end,4,4,4,15039.0,0,0,0,0,0,0,0,0,0,0,,-39.0
C-cc0058,A-f3ff05,2024-10-20,False,VALID_CHURN_TRANSITION,EVENT_SEQUENCE_VALID,CONTRACT_AMBIGUOUS,subscription_end,8,8,8,18563.0,0,0,0,0,0,0,1,1,2,4,-49.0,-1.0
C-992f28,A-f44180,2023-04-29,False,VALID_CHURN_TRANSITION,EVENT_SEQUENCE_VALID,CONTRACT_AMBIGUOUS,subscription_end,2,2,2,4577.0,0,0,0,0,0,0,0,0,0,2,234.0,-19.0
C-dd4207,A-f45426,2024-08-05,False,VALID_CHURN_TRANSITION,EVENT_SEQUENCE_VALID,CONTRACT_AMBIGUOUS,subscription_end,1,0,1,0.0,0,0,0,0,0,1,1,2,2,2,54.0,0.0
C-4f7342,A-f45426,2024-11-13,False,REPEATED_CHURN_WHILE_CHURNED,EVENT_SEQUENCE_INVALID,CONTRACT_AMBIGUOUS,subscription_end,5,5,5,4531.0,0,0,0,1,1,0,0,1,2,4,-10.0,2.0
C-a47d71,A-f51f16,2024-07-07,False,VALID_CHURN_TRANSITION,EVENT_SEQUENCE_VALID,CONTRACT_AMBIGUOUS,subscription_end,7,7,7,13272.0,0,0,0,0,0,0,0,0,0,0,47.0,51.0
C-fe3853,A-f51f16,2024-12-07,False,REPEATED_CHURN_WHILE_CHURNED,EVENT_SEQUENCE_INVALID,CONTRACT_AMBIGUOUS,subscription_end,7,7,7,13261.0,0,0,0,0,0,0,0,0,0,0,-106.0,-102.0
C-3bac11,A-f5641b,2024-04-20,False,INVALID_EVENT_TIME,EVENT_SEQUENCE_INVALID,CONTRACT_UNSUPPORTED,subscription_end,0,0,1,0.0,0,0,0,0,0,0,1,1,1,1,93.0,1.0
C-9d9bff,A-f5641b,2024-06-17,False,VALID_CHURN_TRANSITION,EVENT_SEQUENCE_VALID,CONTRACT_AMBIGUOUS,subscription_end,3,3,3,12338.0,0,0,0,0,0,0,0,0,1,2,35.0,-9.0
C-437da0,A-f6b2fb,2024-07-11,False,VALID_CHURN_TRANSITION,EVENT_SEQUENCE_VALID,CONTRACT_AMBIGUOUS,subscription_end,4,4,4,6831.0,0,0,0,0,0,0,0,0,1,4,159.0,-9.0
C-f6fba0,A-f92792,2024-11-03,True,INVALID_REACTIVATION_WHILE_ACTIVE,EVENT_SEQUENCE_INVALID,CONTRACT_SUPPORTED,subscription_start,9,9,9,17997.0,0,0,0,0,0,0,0,1,2,4,,-3.0
C-21efb6,A-fa2041,2024-07-13,False,VALID_CHURN_TRANSITION,EVENT_SEQUENCE_VALID,CONTRACT_AMBIGUOUS,subscription_end,2,2,2,2548.0,0,0,0,0,0,0,0,2,4,5,,2.0
C-8cce4c,A-fa3095,2023-12-23,False,VALID_CHURN_TRANSITION,EVENT_SEQUENCE_VALID,CONTRACT_AMBIGUOUS,subscription_end,4,4,4,31290.0,0,0,0,0,0,0,0,2,2,3,,-5.0
C-5e0998,A-faa28c,2024-05-24,False,VALID_CHURN_TRANSITION,EVENT_SEQUENCE_VALID,CONTRACT_AMBIGUOUS,subscription_end,6,6,6,15089.0,0,0,0,0,0,0,1,1,2,3,142.0,-1.0
C-8052a7,A-faa28c,2024-08-20,False,REPEATED_CHURN_WHILE_CHURNED,EVENT_SEQUENCE_INVALID,CONTRACT_AMBIGUOUS,subscription_end,10,10,10,36017.0,0,0,0,0,0,0,0,0,1,3,54.0,-14.0
C-2d8e22,A-fce879,2024-10-07,False,VALID_CHURN_TRANSITION,EVENT_SEQUENCE_VALID,CONTRACT_AMBIGUOUS,subscription_end,1,1,1,627.0,0,0,0,0,0,0,0,0,3,4,,-9.0
C-78a2bb,A-fce879,2024-12-03,False,REPEATED_CHURN_WHILE_CHURNED,EVENT_SEQUENCE_INVALID,CONTRACT_AMBIGUOUS,subscription_end,4,4,4,6398.0,0,0,0,0,0,0,0,0,1,1,,10.0
C-59499c,A-fd7ad3,2024-11-12,False,VALID_CHURN_TRANSITION,EVENT_SEQUENCE_VALID,CONTRACT_AMBIGUOUS,subscription_end,4,4,4,304.0,0,0,0,0,0,0,0,4,7,8,38.0,2.0
C-2299d7,A-fd7ad3,2024-11-23,False,REPEATED_CHURN_WHILE_CHURNED,EVENT_SEQUENCE_INVALID,CONTRACT_AMBIGUOUS,subscription_end,6,6,6,304.0,0,0,0,0,1,0,0,3,5,9,27.0,3.0
C-151fb1,A-fd7ad3,2024-12-19,True,VALID_REACTIVATION_TRANSITION,EVENT_SEQUENCE_VALID,CONTRACT_SUPPORTED,subscription_start,8,8,8,892.0,0,1,1,2,2,0,0,2,2,4,1.0,4.0
C-e20d30,A-fd7ad3,2024-12-31,False,VALID_CHURN_TRANSITION,EVENT_SEQUENCE_VALID,CONTRACT_SUPPORTED,subscription_end,8,8,8,904.0,0,0,1,2,2,0,0,1,2,2,-2.0,-5.0
C-66d447,A-fda07f,2024-09-13,False,VALID_CHURN_TRANSITION,EVENT_SEQUENCE_VALID,CONTRACT_AMBIGUOUS,subscription_end,2,2,3,5970.0,0,0,0,0,0,0,2,2,3,7,,-1.0
C-4c2a9f,A-ff3c73,2023-12-09,False,VALID_CHURN_TRANSITION,EVENT_SEQUENCE_VALID,CONTRACT_SUPPORTED,subscription_end,5,5,5,2682.0,0,1,1,1,1,0,0,0,0,0,1.0,-56.0
C-681c7b,A-ff3c73,2024-05-09,False,REPEATED_CHURN_WHILE_CHURNED,EVENT_SEQUENCE_INVALID,CONTRACT_AMBIGUOUS,subscription_end,4,4,4,2682.0,0,0,0,0,0,0,0,0,0,0,-151.0,35.0
C-033d73,A-ffc04f,2024-08-03,False,VALID_CHURN_TRANSITION,EVENT_SEQUENCE_VALID,CONTRACT_AMBIGUOUS,subscription_end,2,2,2,5282.0,0,0,0,0,0,0,0,2,2,2,140.0,2.0
C-33c706,A-ffdfd5,2024-08-08,False,VALID_CHURN_TRANSITION,EVENT_SEQUENCE_VALID,CONTRACT_AMBIGUOUS,subscription_end,2,2,2,938.0,0,0,0,0,0,0,0,0,1,1,145.0,10.0
