month,observed_events,expected_events_mechanism
2023-01,1,0.30690360596472055
2023-02,0,0.9985890687852712
2023-03,5,2.2649850648891983
2023-04,3,3.1792474768985626
2023-05,3,4.375563549340001
2023-06,5,5.355340086848994
2023-07,6,6.364130687504086
2023-08,7,7.564565166129187
2023-09,6,9.066028510600571
2023-10,10,11.440062943196283
2023-11,11,13.158179490954012
2023-12,16,15.747063583772325
2024-01,20,17.558555576895493
2024-02,10,17.850600368992968
2024-03,24,21.72678406035584
2024-04,25,24.295206251142588
2024-05,27,28.462964997486747
2024-06,40,31.46540896516111
2024-07,35,36.7403971730817
2024-08,42,41.71758746137141
2024-09,53,48.46944665597118
2024-10,66,59.95261090573674
2024-11,68,78.76556033466039
2024-12,117,113.17421801426062
