term,df,wald_chi2,p_value,odds_ratios,q_value_bh
C(start_half),3,11.269803706442246,0.010352923348211448,C(start_half)[T.2023H2]=1.045; C(start_half)[T.2024H1]=0.670; C(start_half)[T.2024H2]=0.709,0.21741139031244042
C(country),6,9.326573480109081,0.15602762198940712,C(country)[T.CA]=0.824; C(country)[T.DE]=0.755; C(country)[T.FR]=1.028; C(country)[T.IN]=0.554; C(country)[T.UK]=0.939; C(country)[T.US]=0.818,0.8887912273965796
csat_missing_all,1,1.2840952034884285,0.25713898783541633,csat_missing_all=0.705,0.8887912273965796
upgrade_flag,1,1.1884509497305284,0.2756422408905338,upgrade_flag=0.827,0.8887912273965796
sub_features,1,1.038476401119421,0.30817608561013965,sub_features=0.944,0.8887912273965796
downgrade_flag,1,0.9283554649417189,0.3352906213911012,downgrade_flag=1.238,0.8887912273965796
log_seats,1,0.9214102991381558,0.33710494604757485,log_seats=0.897,0.8887912273965796
C(referral_source),4,4.24941376297109,0.37330242363590355,C(referral_source)[T.event]=0.991; C(referral_source)[T.organic]=1.138; C(referral_source)[T.other]=0.903; C(referral_source)[T.partner]=0.879,0.8887912273965796
is_trial,1,0.6126995518879825,0.43377318795518294,is_trial=1.840,0.8887912273965796
C(billing_frequency),1,0.540345565734023,0.46228954809589506,C(billing_frequency)[T.monthly]=0.934,0.8887912273965796
log_mrr,1,0.5325009316512406,0.4655573095886846,log_mrr=1.082,0.8887912273965796
ticket_escalations,1,0.25528025142939276,0.6133813873867606,ticket_escalations=1.060,0.9560657813637411
C(industry),4,2.6393401750267875,0.6198702384904689,C(industry)[T.DevTools]=1.018; C(industry)[T.EdTech]=0.820; C(industry)[T.FinTech]=0.865; C(industry)[T.HealthTech]=0.990,0.9560657813637411
log_usage,1,0.22218881595936021,0.6373771875758274,log_usage=1.106,0.9560657813637411
tickets,1,0.16239500990449526,0.6869609938740784,tickets=1.011,0.9617453914237097
csat_mean_f,1,0.08947802834685052,0.7648417860888319,csat_mean_f=0.976,0.9827021063696388
log_errors,1,0.050063422365727514,0.8229529508758548,log_errors=1.016,0.9827021063696388
csat_no_response_share,1,0.013348623915069201,0.9080200934433971,csat_no_response_share=1.024,0.9827021063696388
C(plan_tier),2,0.17739285906043345,0.9151233358330777,C(plan_tier)[T.Enterprise]=0.907; C(plan_tier)[T.Pro]=0.972,0.9827021063696388
auto_renew_flag,1,0.0024257705011814963,0.9607183825405067,auto_renew_flag=0.994,0.9827021063696388
no_telemetry,1,0.0004700828105718531,0.9827021063696388,no_telemetry=1.019,0.9827021063696388
