grain,outcome,rank,feature,impurity_importance
subscription,subscription_end,1,num__mrr_amount,0.05873578421979785
subscription,subscription_end,2,num__ticket_first_response_min,0.05836426371686485
subscription,subscription_end,3,num__ticket_resolution_h,0.056112263920367104
subscription,subscription_end,4,num__seats,0.05381309779633233
subscription,subscription_end,5,num__account_seats,0.04914540823556547
subscription,subscription_end,6,num__start_month_index,0.04783803843628887
subscription,subscription_end,7,num__csat_no_response_share,0.032817565448471066
subscription,subscription_end,8,num__csat_mean,0.029620914653925988
subscription,subscription_end,9,num__tickets,0.027142730649979522
subscription,subscription_end,10,num__use_feature_4,0.014711458469760566
subscription,subscription_end,11,num__use_feature_12,0.012419059147131163
subscription,subscription_end,12,num__use_feature_25,0.011971997439295931
subscription,subscription_end,13,cat__billing_frequency_annual,0.0115140480486565
subscription,subscription_end,14,num__use_feature_6,0.011462116628606075
subscription,subscription_end,15,num__use_feature_11,0.010525191131792533
account,churn_flag,1,num__ticket_urgent_high_share,0.026294605159501414
account,churn_flag,2,num__use_feature_1,0.022884975873943468
account,churn_flag,3,num__use_feature_4,0.022786582848787824
account,churn_flag,4,num__ticket_first_response_min,0.021822996788264205
account,churn_flag,5,num__ticket_resolution_h,0.019974917732310197
account,churn_flag,6,num__tenure_years,0.019780886726615095
account,churn_flag,7,num__use_feature_15,0.01950173320038447
account,churn_flag,8,num__use_feature_23,0.017880091566280145
account,churn_flag,9,num__use_feature_26,0.01770469536216823
account,churn_flag,10,num__use_feature_37,0.017691692101395026
account,churn_flag,11,num__usage_count,0.017332355122955084
account,churn_flag,12,num__use_feature_38,0.016435996352316542
account,churn_flag,13,num__use_feature_16,0.016354921049764257
account,churn_flag,14,num__use_feature_34,0.01618343632595276
account,churn_flag,15,num__use_feature_40,0.015750568291805336
account,has_churn_event,1,num__use_feature_22,0.024714961271641158
account,has_churn_event,2,num__sub_mrr_median,0.022861526637773806
account,has_churn_event,3,num__ticket_first_response_min,0.02150343774834912
account,has_churn_event,4,num__sub_annual_share,0.020319907382316357
account,has_churn_event,5,num__tenure_years,0.019655441298444157
account,has_churn_event,6,num__use_feature_29,0.018543715955123538
account,has_churn_event,7,num__use_feature_36,0.017860834024073655
account,has_churn_event,8,num__use_feature_28,0.017021273485522036
account,has_churn_event,9,num__use_feature_15,0.01664057571521576
account,has_churn_event,10,num__ticket_resolution_h,0.016612000705638282
account,has_churn_event,11,num__sub_autorenew_share,0.016579323320180948
account,has_churn_event,12,num__seats,0.016531485644317286
account,has_churn_event,13,num__use_feature_27,0.01616613161849417
account,has_churn_event,14,num__use_feature_40,0.015140845194466308
account,has_churn_event,15,num__use_feature_32,0.014948272098672095
