file,line,pattern,status,reason,text
docs/FINAL-EVIDENCE-REGISTER.md,43,409/899 as economic V3,CURRENT CORRECT,"409/899 shown only as 'any auto_renew=false incl. zero-MRR trials', next to 388/764",| F-16 | Onde CS/RevOps deve olhar primeiro? | Manual-renewal exposure: V3 = 388 contas · 764 registros · 2.023.778 de MRR proxy (409 / 899 só com trials de MRR zero incluídos) | Média | CORRECTED / C
docs/FINAL-EVIDENCE-REGISTER.md,51,409/899 as economic V3,CURRENT CORRECT,"409/899 shown only as 'any auto_renew=false incl. zero-MRR trials', next to 388/764",> **Adendo FINAL-AUDIT-INTEGRATION-01 (2026-10-04).** F-18 a F-22 vêm de um auditor independente em chat limpo e só entraram depois de recalculados dos CSVs brutos por `solution/scripts/auditor_integr
docs/FINAL-EVIDENCE-REGISTER.md,295,409/899 as economic V3,CURRENT CORRECT,"409/899 shown only as 'any auto_renew=false incl. zero-MRR trials', next to 388/764","| Final finding | Há **409 contas** com pelo menos um registro ativo `auto_renew_flag=false`, totalizando **899 registros**. Esse universo inclui exposições sem valor econômico: **21 das 409 contas** "
docs/FINAL-EVIDENCE-REGISTER.md,296,409/899 as economic V3,CURRENT CORRECT,"409/899 shown only as 'any auto_renew=false incl. zero-MRR trials', next to 388/764","| Uso correto de cada número | **409 / 899:** ""qualquer registro ativo `auto_renew=false`, incluindo trials com MRR zero"". **388 / 764:** ""manual-renewal exposure with positive MRR proxy"". |"
docs/FINAL-EVIDENCE-REGISTER.md,305,Revenue at Risk,CURRENT CORRECT,negated / listed as forbidden or not to build,"| Forbidden wording | ""Revenue at Risk""; ""predicted churn risk""; ""expected loss""; ""expected savings""; ""revenue""; R$ / BRL / USD; ""CHURN WATCHLIST""; ""HIGH-RISK CUSTOMERS""; ""LIKELY TO CHURN""; ""they will"
docs/FINAL-EVIDENCE-REGISTER.md,305,likely to churn,CURRENT CORRECT,negated / listed as forbidden or not to build,"| Forbidden wording | ""Revenue at Risk""; ""predicted churn risk""; ""expected loss""; ""expected savings""; ""revenue""; R$ / BRL / USD; ""CHURN WATCHLIST""; ""HIGH-RISK CUSTOMERS""; ""LIKELY TO CHURN""; ""they will"
docs/FINAL-EVIDENCE-REGISTER.md,305,currency,CURRENT CORRECT,currency named only to forbid it / describe its absence,"| Forbidden wording | ""Revenue at Risk""; ""predicted churn risk""; ""expected loss""; ""expected savings""; ""revenue""; R$ / BRL / USD; ""CHURN WATCHLIST""; ""HIGH-RISK CUSTOMERS""; ""LIKELY TO CHURN""; ""they will"
docs/FINAL-EVIDENCE-REGISTER.md,310,409/899 as economic V3,HISTORICAL,inside a SUPERSEDED <details> block,"> **CONTRACTUAL EXPOSURE REVIEW UNIVERSE:** 899 registros de subscription ativos com `auto_renew_flag=false`, em 409 contas, somando R$ 2,02 mi de MRR proxy por registro (≈19,9% do MRR proxy ativo). 4"
docs/FINAL-EVIDENCE-REGISTER.md,310,currency,HISTORICAL,inside a SUPERSEDED <details> block,"> **CONTRACTUAL EXPOSURE REVIEW UNIVERSE:** 899 registros de subscription ativos com `auto_renew_flag=false`, em 409 contas, somando R$ 2,02 mi de MRR proxy por registro (≈19,9% do MRR proxy ativo). 4"
docs/FINAL-EVIDENCE-REGISTER.md,312,409/899 as economic V3,HISTORICAL,inside a SUPERSEDED <details> block,"> Motivos da correção: moeda atribuída sem base no dataset; 409 contas usadas como população econômica, quando 21 delas só têm exposição de trial com MRR zero."
docs/FINAL-EVIDENCE-REGISTER.md,407,Revenue at Risk,CURRENT CORRECT,negated / listed as forbidden or not to build,| REVENUE AT RISK | NOT SUPPORTED | Sem propensão válida e sem data de renovação; só existe exposição (F-16) |
docs/TECHNICAL-APPENDIX.md,49,high churn risk,CURRENT CORRECT,negated / listed as forbidden or not to build,"Uso permitido: **QUALITATIVE DISCOVERY OVERSAMPLE** nas entrevistas de saída. These segments are where the observed rate is highest, but the difference is not robust enough to direct retention spend. "
docs/TRUTH-LAB-REQUIREMENTS.md,13,Revenue at Risk,CURRENT CORRECT,negated / listed as forbidden or not to build,"| G1 | **Nenhuma probabilidade de churn, score de risco ou ""Revenue at Risk""** em nenhuma tela. As flags de qualidade de dados são descritivas e nunca são somadas num score. |"
docs/TRUTH-LAB-REQUIREMENTS.md,13,churn probability,CURRENT CORRECT,negated / listed as forbidden or not to build,"| G1 | **Nenhuma probabilidade de churn, score de risco ou ""Revenue at Risk""** em nenhuma tela. As flags de qualidade de dados são descritivas e nunca são somadas num score. |"
docs/TRUTH-LAB-VALIDATION.md,46,409/899 as economic V3,CURRENT CORRECT,"409/899 shown only as 'any auto_renew=false incl. zero-MRR trials', next to 388/764",| V3 bruto | 409 contas · 899 registros; 21 com exposição de valor zero; 388 econômicas |
docs/TRUTH-LAB-VALIDATION.md,77,still paying,CURRENT CORRECT,validation doc listing the scanned patterns,"- Lista: high churn risk, predicted churn risk, predicted risk, churn probability, likelihood to churn, likely to churn, revenue at risk, expected loss, expected savings, still paying, ""real churn = 0"
docs/TRUTH-LAB-VALIDATION.md,77,Revenue at Risk,CURRENT CORRECT,validation doc listing the scanned patterns,"- Lista: high churn risk, predicted churn risk, predicted risk, churn probability, likelihood to churn, likely to churn, revenue at risk, expected loss, expected savings, still paying, ""real churn = 0"
docs/TRUTH-LAB-VALIDATION.md,77,high churn risk,CURRENT CORRECT,validation doc listing the scanned patterns,"- Lista: high churn risk, predicted churn risk, predicted risk, churn probability, likelihood to churn, likely to churn, revenue at risk, expected loss, expected savings, still paying, ""real churn = 0"
docs/TRUTH-LAB-VALIDATION.md,77,churn probability,CURRENT CORRECT,validation doc listing the scanned patterns,"- Lista: high churn risk, predicted churn risk, predicted risk, churn probability, likelihood to churn, likely to churn, revenue at risk, expected loss, expected savings, still paying, ""real churn = 0"
docs/TRUTH-LAB-VALIDATION.md,77,likely to churn,CURRENT CORRECT,validation doc listing the scanned patterns,"- Lista: high churn risk, predicted churn risk, predicted risk, churn probability, likelihood to churn, likely to churn, revenue at risk, expected loss, expected savings, still paying, ""real churn = 0"
docs/TRUTH-LAB-VALIDATION.md,77,real churn = 0,CURRENT CORRECT,validation doc listing the scanned patterns,"- Lista: high churn risk, predicted churn risk, predicted risk, churn probability, likelihood to churn, likely to churn, revenue at risk, expected loss, expected savings, still paying, ""real churn = 0"
docs/TRUTH-LAB-VALIDATION.md,78,currency,CURRENT CORRECT,validation doc listing the scanned patterns,"- Moeda: R$, US$, BRL, USD, `$` junto de número."
docs/TRUTH-LAB-VALIDATION.md,142,four definitions,CURRENT CORRECT,validation doc listing the scanned patterns,"| 1 | ""Four definitions"" | Tornou-se ""Três sinais de churn + uma checagem de estado observável"" / ""Quatro respostas diferentes"" no Truth Lab, no README, no diagnóstico executivo, no apêndice, na espec"
docs/TRUTH-LAB-VALIDATION.md,144,still paying,CURRENT CORRECT,correction narrative / error table,"| 3 | ""Still paying"" | Nenhuma ocorrência atual. O README e o diagnóstico usam ""ainda possuem registros de subscription ativos com MRR proxy positivo"" |"
docs/TRUTH-LAB-VALIDATION.md,151,prediction is unsafe,CURRENT CORRECT,correction narrative / error table,"| 12 | ""Unsafe"" | ""Por que uma previsão não é suportada hoje"" |"
docs/TRUTH-LAB-VALIDATION.md,152,what is at stake,CURRENT CORRECT,correction narrative / error table,"| 13–14 | ""At stake"" / revenue | ""O que a exposição de renovação manual pode representar"". ""Revenue"" só no rótulo obrigatório; ""Revenue history"" virou ""Histórico financeiro"" |"
docs/TRUTH-LAB-VALIDATION.md,157,old AUC range,CURRENT CORRECT,validation doc listing the scanned patterns,"**Conflito registrado (item 8).** O prompt dá o range validado como ~0,449–0,515. Esse é só o intervalo dos 6 modelos da ANALYSIS-15. Os 9 modelos da ANALYSIS-14, reproduzidos idênticos, vão de 0,454 "
docs/TRUTH-LAB-VALIDATION.md,161,four definitions,CURRENT CORRECT,correction narrative / error table,"""Four definitions"" → três sinais + uma checagem · card de outcome · ""still paying"" · F-18 a F-22 no README · F-22 ao lado da métrica · AUC antigo · status ""não construído"" · placeholders do process lo"
docs/TRUTH-LAB-VALIDATION.md,161,still paying,CURRENT CORRECT,correction narrative / error table,"""Four definitions"" → três sinais + uma checagem · card de outcome · ""still paying"" · F-18 a F-22 no README · F-22 ao lado da métrica · AUC antigo · status ""não construído"" · placeholders do process lo"
docs/TRUTH-LAB-VALIDATION.md,166,prediction is unsafe,CURRENT CORRECT,correction narrative / error table,"- ""Unsafe"" e ""at stake"" substituídos."
docs/TRUTH-LAB-VALIDATION.md,166,what is at stake,CURRENT CORRECT,correction narrative / error table,"- ""Unsafe"" e ""at stake"" substituídos."
docs/TRUTH-LAB-VALIDATION.md,274,CEO metric overstated,CURRENT CORRECT,correction narrative (line also carries the replacement wording),"| 1 | ""O CEO reage a um número que não mede perda de cliente. Product e CS olham métricas sem denominador ou que não medem nada."" | ""O CEO reage a indicadores que não podem ser interpretados de forma "
docs/TRUTH-LAB-VALIDATION.md,275,zero-active wording,CURRENT CORRECT,correction narrative (line also carries the replacement wording),"| 2 | ""Isso não significa ausência de perda: significa que os registros não permitem enxergar a perda."" | ""Isso não significa ausência de perda real: significa que o estado contratual observável não p"
docs/TRUTH-LAB-VALIDATION.md,276,reason p 2dp,CURRENT CORRECT,validation doc listing the scanned patterns,"| 3 | reason_code × feedback com ""p = 0,95"" | ""p = 0,955"" | README; diagnóstico executivo. O registro, o apêndice, o Truth Lab e os docs do auditor já usavam 0,955 |"
docs/TRUTH-LAB-VALIDATION.md,277,Enterprise 'only value' wording,CURRENT CORRECT,correction narrative (line also carries the replacement wording),"| 4 | ""Enterprise não serve como segmento de risco; o que importa é o valor da conta."" | ""…; para priorização operacional imediata, a concentração de valor é mais útil."" | README da submissão |"
process-log/PROCESS-LOG.md,73,currency,CURRENT CORRECT,currency named only to forbid it / describe its absence,"| Moeda (R$) atribuída ao MRR | Revisão do schema: o dataset não declara moeda | Removida; ""MRR proxy"" |"
process-log/PROCESS-LOG.md,74,409/899 as economic V3,CURRENT CORRECT,"409/899 shown only as 'any auto_renew=false incl. zero-MRR trials', next to 388/764",| 409 contas de exposição | Validação independente | 388 (21 têm só exposição de trial com MRR zero e outras assinaturas pagas) |
process-log/PROCESS-LOG.md,76,still paying,CURRENT CORRECT,correction narrative / error table,"| ""As 110 flagged continuam pagando"" | Auditor independente (afirmação comercial não verificável) | ""Ainda possuem registros de subscription ativos com MRR proxy positivo"" |"
process-log/PROCESS-LOG.md,77,four definitions,CURRENT CORRECT,correction narrative / error table,"| ""Quatro definições de churn"" | Auditor | Três sinais de churn + uma checagem de estado observável |"
process-log/PROCESS-LOG.md,96,churn probability,CURRENT CORRECT,negated / listed as forbidden or not to build,- Não criar churn probability sem um target confiável.
process-log/PROCESS-LOG.md,98,Revenue at Risk,CURRENT CORRECT,negated / listed as forbidden or not to build,- Não criar Revenue at Risk e não chamar as filas V1/V2/V3 de risco de churn.
process-log/PROCESS-LOG.md,114,prediction is unsafe,CURRENT CORRECT,correction narrative / error table,"| Revisão humana | Aprovou a estrutura e pediu interface coerente em português e redação menos dramática (""unsafe"", ""at stake""). Aplicado sem redesenho |"
process-log/PROCESS-LOG.md,114,what is at stake,CURRENT CORRECT,correction narrative / error table,"| Revisão humana | Aprovou a estrutura e pediu interface coerente em português e redação menos dramática (""unsafe"", ""at stake""). Aplicado sem redesenho |"
process-log/PROCESS-LOG.md,141,409/899 as economic V3,CURRENT CORRECT,"409/899 shown only as 'any auto_renew=false incl. zero-MRR trials', next to 388/764",| 7. 409 → 388 | Usou 409 contas / 899 registros como exposição | `solution/outputs/final_rewrite/final_numbers.json`; `solution/RavenStack_CS_Action_Queues.xlsx`; Registro F-16 | 21 contas só com exp
process-log/PROCESS-LOG.md,145,Revenue at Risk,CURRENT CORRECT,negated / listed as forbidden or not to build,"| 11. Truth Lab | Especificou, construiu e testou a página | `solution/scripts/build_truth_lab_data.py`; `solution/scripts/check_truth_lab.py`; `solution/outputs/truth_lab/truth_lab_checks.csv` | 213/"
process-log/TRUTH-LAB-BUILD.md,92,prediction is unsafe,CURRENT CORRECT,correction narrative / error table,"- ""unsafe"" e ""at stake"" mais dramáticos que a evidência."
process-log/TRUTH-LAB-BUILD.md,92,what is at stake,CURRENT CORRECT,correction narrative / error table,"- ""unsafe"" e ""at stake"" mais dramáticos que a evidência."
process-log/TRUTH-LAB-BUILD.md,94,four definitions,CURRENT CORRECT,correction narrative / error table,"**Auditor.** Apontou que 110 / 352 / 312 / 0 não são ""quatro definições"": são três sinais de churn e uma checagem de estado observável."
process-log/TRUTH-LAB-BUILD.md,100,four definitions,CURRENT CORRECT,correction narrative / error table,"| ""Four definitions. Four different answers."" | ""Três sinais de churn + uma checagem de estado observável."" / ""Quatro respostas diferentes."" |"
process-log/TRUTH-LAB-BUILD.md,101,prediction is unsafe,CURRENT CORRECT,correction narrative / error table,"| ""Why prediction is unsafe today"" | ""Por que uma previsão não é suportada hoje"" |"
process-log/TRUTH-LAB-BUILD.md,102,what is at stake,CURRENT CORRECT,correction narrative / error table,"| ""What is at stake in manual renewals"" | ""O que a exposição de renovação manual pode representar"" |"
process-log/TRUTH-LAB-BUILD.md,103,four definitions,CURRENT CORRECT,correction narrative / error table,"| Card de outcome: ""110 / 352 / 312 / 0 — four definitions"" | ""110 / 352 / 312 = três populações de churn conflitantes. 0 = checagem do estado observável no fim."" + LIMITATION ""No reconciled customer-"
README.md,100,409/899 as economic V3,CURRENT CORRECT,"409/899 shown only as 'any auto_renew=false incl. zero-MRR trials', next to 388/764","*Das 409 contas com algum registro ativo `auto_renew = false`, 21 possuem somente exposições `auto_renew = false` de trial com MRR proxy zero (essas 21 têm outras assinaturas pagas ativas). Excluindo "
README.md,114,409/899 as economic V3,CURRENT CORRECT,"409/899 shown only as 'any auto_renew=false incl. zero-MRR trials', next to 388/764","| 3. Filas de ação | V1, V2 e V3-W1, onda de 176, 409 → 21 → 388; tabela com busca, ordenação, filtro e exportação CSV |"
README.md,176,409/899 as economic V3,CURRENT CORRECT,"409/899 shown only as 'any auto_renew=false incl. zero-MRR trials', next to 388/764","9. **Reescrita business-first** — moeda removida, 409 → 388, piloto em 314 contas."
README.md,186,409/899 as economic V3,CURRENT CORRECT,"409/899 shown only as 'any auto_renew=false incl. zero-MRR trials', next to 388/764",- **409 contas de exposição** → 388 (21 têm só exposição de trial com MRR zero).
README.md,187,currency,CURRENT CORRECT,currency named only to forbid it / describe its absence,"- **Moeda (R$) atribuída a um valor sem moeda** → removida; ""MRR proxy""."
README.md,189,four definitions,CURRENT CORRECT,correction narrative / error table,"- **""Quatro definições de churn""** → três sinais de churn + uma checagem de estado observável."
README.md,199,Revenue at Risk,CURRENT CORRECT,negated / listed as forbidden or not to build,"- Bloqueei entregáveis atraentes e falsos: churn probability, health score, Revenue at Risk, filas chamadas de risco."
README.md,199,churn probability,CURRENT CORRECT,negated / listed as forbidden or not to build,"- Bloqueei entregáveis atraentes e falsos: churn probability, health score, Revenue at Risk, filas chamadas de risco."
solution/EXECUTIVE-DIAGNOSIS.md,73,409/899 as economic V3,CURRENT CORRECT,"409/899 shown only as 'any auto_renew=false incl. zero-MRR trials', next to 388/764","*Na V3: das 409 contas com algum registro ativo `auto_renew = false`, 21 possuem somente exposições `auto_renew = false` de trial com MRR proxy zero (elas têm outras assinaturas pagas ativas). Excluin"
solution/EXECUTIVE-DIAGNOSIS.md,93,churn probability,CURRENT CORRECT,list item under a 'do not build' parent,- probabilidade de churn;
solution/EXECUTIVE-DIAGNOSIS.md,96,Revenue at Risk,CURRENT CORRECT,list item under a 'do not build' parent,- Revenue at Risk;
solution/truth-lab/README.md,22,409/899 as economic V3,CURRENT CORRECT,"409/899 shown only as 'any auto_renew=false incl. zero-MRR trials', next to 388/764","| 03 Filas de ação | V1 / V2 / V3-W1; a onda de 176 contas e as sobreposições; concentração e checklist da V2; a explicação 409 → 21 → 388 da V3; tabela com busca, ordenação, filtro, exportação CSV e "
solution/truth-lab/assets/js/app.js,785,high churn risk,CURRENT CORRECT,self-test code / list of phrases the self-test searches for,"const FORBIDDEN = ['high churn risk', 'predicted churn risk', 'predicted risk', 'churn probability', 'likelihood to churn', 'likely to churn',"
solution/truth-lab/assets/js/app.js,785,churn probability,CURRENT CORRECT,self-test code / list of phrases the self-test searches for,"const FORBIDDEN = ['high churn risk', 'predicted churn risk', 'predicted risk', 'churn probability', 'likelihood to churn', 'likely to churn',"
solution/truth-lab/assets/js/app.js,785,likely to churn,CURRENT CORRECT,self-test code / list of phrases the self-test searches for,"const FORBIDDEN = ['high churn risk', 'predicted churn risk', 'predicted risk', 'churn probability', 'likelihood to churn', 'likely to churn',"
solution/truth-lab/assets/js/app.js,786,still paying,CURRENT CORRECT,self-test code / list of phrases the self-test searches for,"'revenue at risk', 'expected loss', 'expected savings', 'still paying', 'real churn = 0', 'zero customers churned', 'risk score',"
solution/truth-lab/assets/js/app.js,786,Revenue at Risk,CURRENT CORRECT,self-test code / list of phrases the self-test searches for,"'revenue at risk', 'expected loss', 'expected savings', 'still paying', 'real churn = 0', 'zero customers churned', 'risk score',"
solution/truth-lab/assets/js/app.js,786,real churn = 0,CURRENT CORRECT,self-test code / list of phrases the self-test searches for,"'revenue at risk', 'expected loss', 'expected savings', 'still paying', 'real churn = 0', 'zero customers churned', 'risk score',"
solution/truth-lab/assets/js/app.js,787,still paying,CURRENT CORRECT,self-test code / list of phrases the self-test searches for,"'continuam pagando', 'continua pagando', 'probabilidade de churn', 'receita em risco', 'alto risco', 'risco previsto', 'perda esperada', 'economia esperada',"
solution/truth-lab/assets/js/app.js,787,Revenue at Risk,CURRENT CORRECT,self-test code / list of phrases the self-test searches for,"'continuam pagando', 'continua pagando', 'probabilidade de churn', 'receita em risco', 'alto risco', 'risco previsto', 'perda esperada', 'economia esperada',"
solution/truth-lab/assets/js/app.js,787,high churn risk,CURRENT CORRECT,self-test code / list of phrases the self-test searches for,"'continuam pagando', 'continua pagando', 'probabilidade de churn', 'receita em risco', 'alto risco', 'risco previsto', 'perda esperada', 'economia esperada',"
solution/truth-lab/assets/js/app.js,787,churn probability,CURRENT CORRECT,self-test code / list of phrases the self-test searches for,"'continuam pagando', 'continua pagando', 'probabilidade de churn', 'receita em risco', 'alto risco', 'risco previsto', 'perda esperada', 'economia esperada',"
solution/truth-lab/assets/js/app.js,788,four definitions,CURRENT CORRECT,self-test code / list of phrases the self-test searches for,"'four definitions', 'quatro definições', 'unsafe', 'at stake', 'receita'];"
solution/truth-lab/assets/js/app.js,788,prediction is unsafe,CURRENT CORRECT,self-test code / list of phrases the self-test searches for,"'four definitions', 'quatro definições', 'unsafe', 'at stake', 'receita'];"
solution/truth-lab/assets/js/app.js,788,what is at stake,CURRENT CORRECT,self-test code / list of phrases the self-test searches for,"'four definitions', 'quatro definições', 'unsafe', 'at stake', 'receita'];"
solution/truth-lab/assets/js/app.js,822,409/899 as economic V3,CURRENT CORRECT,"409/899 shown only as 'any auto_renew=false incl. zero-MRR trials', next to 388/764","['110', '352', '312', '75', '72', '227', '50', '2.073.153', '2.781.650', '2.023.778', '873.996', '20,4%', '27,4%', '19,9%', '43,2%', '176', '409', '899', '388', '764', '21',"
solution/truth-lab/data/truth_lab_data.json,24,409/899 as economic V3,CURRENT CORRECT,"409/899 shown only as 'any auto_renew=false incl. zero-MRR trials', next to 388/764","""v3_any_accounts"":{""value"":409,""display"":""409"",""source"":""subscriptions (ativos, auto_renew_flag=false)"",""grain"":""conta"",""coverage"":""409 contas / 899 registros"",""limitation"":""Inclui exposição de trial "
solution/truth-lab/data/truth_lab_data.json,25,409/899 as economic V3,CURRENT CORRECT,"409/899 shown only as 'any auto_renew=false incl. zero-MRR trials', next to 388/764","""v3_any_records"":{""value"":899,""display"":""899"",""source"":""subscriptions (ativos, auto_renew_flag=false)"",""grain"":""registro de assinatura"",""coverage"":""899 = 764 com MRR proxy > 0 + 135 registros de trial"
solution/truth-lab/data/truth_lab_data.json,181,409/899 as economic V3,CURRENT CORRECT,"unrelated numeric field (e.g. an account's value rank), not the V3 population","""flags"":{""usage_before_signup"":true,""ticket_before_signup"":true,""multiple_plan_overlap"":true,""churn_flag_event_end_mismatch"":true,""non_auto_renew_zero_mrr_only"":false}},{""id"":""A-f446b6"",""name"":""Compan"
