dimension,segment,accounts,churn_flag_accounts,observed_rate,ci95_low,ci95_high,overall_rate,dimension_chi2_p,dimension_q_bh,small_sample,label
País,DE,25,8,0.32,0.17204987516891143,0.5159008626542329,0.22,0.658801048683201,0.9223214681564814,True,"Observed, not validated — not a predicted churn risk"
Indústria,DevTools,113,35,0.30973451327433627,0.23191541688374973,0.40006497366208327,0.22,0.06567465981750352,0.2777473858052962,False,"Observed, not validated — not a predicted churn risk"
Canal de aquisição,event,96,29,0.3020833333333333,0.2193102457465474,0.40008687929952563,0.22,0.07935639594437033,0.2777473858052962,False,"Observed, not validated — not a predicted churn risk"
Coorte de signup,2023H1,109,29,0.26605504587155965,0.1920974014994754,0.3559416195707682,0.22,0.2675300728274936,0.6242368365974851,False,"Observed, not validated — not a predicted churn risk"
Trial,trial,97,25,0.25773195876288657,0.18109470708719705,0.35282780108403383,0.22,0.3882857671584188,0.6795000925272329,False,"Observed, not validated — not a predicted churn risk"
Faixa de seats,6-15,134,33,0.2462686567164179,0.18106846409287522,0.3256116673043228,0.22,0.8159463036148396,0.9519373542173128,False,"Observed, not validated — not a predicted churn risk"
Coorte de signup,2023H2,118,29,0.2457627118644068,0.1769108428586466,0.330646510294956,0.22,0.2675300728274936,0.6242368365974851,False,"Observed, not validated — not a predicted churn risk"
Canal de aquisição,other,103,25,0.24271844660194175,0.17014922730424603,0.3337893134888534,0.22,0.07935639594437033,0.2777473858052962,False,"Observed, not validated — not a predicted churn risk"
Canal de aquisição,ads,98,23,0.23469387755102042,0.1617836559088351,0.3276194956520202,0.22,0.07935639594437033,0.2777473858052962,False,"Observed, not validated — not a predicted churn risk"
País,US,291,68,0.23367697594501718,0.18871935169501186,0.28557464209690897,0.22,0.658801048683201,0.9223214681564814,False,"Observed, not validated — not a predicted churn risk"
País,FR,22,5,0.22727272727272727,0.10122890794820358,0.4344035606295935,0.22,0.658801048683201,0.9223214681564814,True,"Observed, not validated — not a predicted churn risk"
Indústria,FinTech,112,25,0.22321428571428573,0.15601066350684978,0.3087757344710787,0.22,0.06567465981750352,0.2777473858052962,False,"Observed, not validated — not a predicted churn risk"
Faixa de seats,16-30,130,29,0.2230769230769231,0.16004839200095863,0.302002270872169,0.22,0.8159463036148396,0.9519373542173128,False,"Observed, not validated — not a predicted churn risk"
Plano (conta),Enterprise,154,34,0.22077922077922077,0.16251159892911632,0.29263837420851024,0.22,0.9992809971620159,0.9992809971620159,False,"Observed, not validated — not a predicted churn risk"
Plano (conta),Basic,168,37,0.22023809523809523,0.16421635802623952,0.2887682510556126,0.22,0.9992809971620159,0.9992809971620159,False,"Observed, not validated — not a predicted churn risk"
Plano (conta),Pro,178,39,0.21910112359550563,0.16462184371007865,0.2854489871669044,0.22,0.9992809971620159,0.9992809971620159,False,"Observed, not validated — not a predicted churn risk"
Indústria,HealthTech,96,21,0.21875,0.14776236248775232,0.3113809204724567,0.22,0.06567465981750352,0.2777473858052962,False,"Observed, not validated — not a predicted churn risk"
Coorte de signup,2024H1,121,26,0.21487603305785125,0.15106665784733153,0.2962329602286944,0.22,0.2675300728274936,0.6242368365974851,False,"Observed, not validated — not a predicted churn risk"
Trial,not trial,403,85,0.2109181141439206,0.17391137147168917,0.2533841656611901,0.22,0.3882857671584188,0.6795000925272329,False,"Observed, not validated — not a predicted churn risk"
Faixa de seats,1-5,126,26,0.20634920634920634,0.14488830948972267,0.2851864893420847,0.22,0.8159463036148396,0.9519373542173128,False,"Observed, not validated — not a predicted churn risk"
País,IN,49,10,0.20408163265306123,0.11481727042813811,0.33637270110943834,0.22,0.658801048683201,0.9223214681564814,False,"Observed, not validated — not a predicted churn risk"
Faixa de seats,31+,110,22,0.2,0.13595004455478174,0.2842970355986948,0.22,0.8159463036148396,0.9519373542173128,False,"Observed, not validated — not a predicted churn risk"
País,UK,58,11,0.1896551724137931,0.10934140042567436,0.3085261838541631,0.22,0.658801048683201,0.9223214681564814,False,"Observed, not validated — not a predicted churn risk"
Canal de aquisição,organic,114,20,0.17543859649122806,0.11653670199867364,0.25550169530754085,0.22,0.07935639594437033,0.2777473858052962,False,"Observed, not validated — not a predicted churn risk"
País,CA,23,4,0.17391304347826086,0.06978540350612772,0.37138054785295666,0.22,0.658801048683201,0.9223214681564814,True,"Observed, not validated — not a predicted churn risk"
Coorte de signup,2024H2,152,26,0.17105263157894737,0.11948678476560781,0.23883602506180673,0.22,0.2675300728274936,0.6242368365974851,False,"Observed, not validated — not a predicted churn risk"
Indústria,EdTech,79,13,0.16455696202531644,0.09876613959277634,0.26145867499313213,0.22,0.06567465981750352,0.2777473858052962,False,"Observed, not validated — not a predicted churn risk"
Indústria,Cybersecurity,100,16,0.16,0.10095202349473717,0.24420444558894414,0.22,0.06567465981750352,0.2777473858052962,False,"Observed, not validated — not a predicted churn risk"
Canal de aquisição,partner,89,13,0.14606741573033707,0.08739377564182575,0.2340311028609144,0.22,0.07935639594437033,0.2777473858052962,False,"Observed, not validated — not a predicted churn risk"
País,AU,32,4,0.125,0.04970053844474301,0.2806864978482796,0.22,0.658801048683201,0.9223214681564814,False,"Observed, not validated — not a predicted churn risk"
