feature,usage_rows,usage_count,subscriptions_using,errors,error_rate,beta_share,avg_duration_min,share_of_ended_subs_using,share_of_active_subs_using,adoption_diff_pp,fisher_p_ended_vs_active,enterprise_share_of_rows,q_value_bh,error_rate_vs_mean_chi2_p
feature_32,659,6686,614,357,0.05339515405324559,0.10166919575113809,51.9048052604957,0.12551440329218108,0.12250775365529464,0.30066496368864465,0.8274700209648085,0.34749620637329287,1.0,0.3012091776347947
feature_15,640,6621,606,349,0.052711070835221266,0.115625,51.22364583333333,0.12139917695473251,0.12117855560478512,0.02206213499473947,1.0,0.3375,1.0,0.20398608254506598
feature_6,655,6546,604,339,0.05178735105407883,0.1083969465648855,51.246106870229006,0.13580246913580246,0.11918475852902083,1.6617710606781633,0.3047744218574159,0.35877862595419846,0.8127317916197757,0.11245193177567284
feature_20,643,6541,590,308,0.04708760128420731,0.09642301710730948,50.4715655780197,0.12139917695473251,0.11763402747009305,0.3765149484639463,0.8242562451048189,0.3390357698289269,1.0,0.001214101210589328
feature_34,650,6536,613,397,0.060740514075887396,0.10307692307692308,51.45438461538461,0.102880658436214,0.12472308373947719,-2.184242530326319,0.18974682997009606,0.3292307692307692,0.6899884726185311,0.120203922276492
feature_12,659,6534,624,359,0.054943373125191305,0.09863429438543247,52.13659585230146,0.12757201646090535,0.12450155073105892,0.3070465729846428,0.8286085588404486,0.3490136570561457,1.0,0.6318461320101295
feature_11,643,6533,606,352,0.0538803000153069,0.09331259720062209,52.171565578019695,0.12139917695473251,0.12117855560478512,0.02206213499473947,1.0,0.3468118195956454,1.0,0.3943032878265842
feature_2,642,6525,607,401,0.06145593869731801,0.10747663551401869,50.251661474558674,0.13991769547325103,0.11940629153743908,2.0511403935811954,0.188506216110764,0.3613707165109034,0.6899884726185311,0.07134014151025285
feature_38,643,6478,610,356,0.05495523309663476,0.11353032659409021,50.343623639191286,0.11522633744855967,0.1227292866637129,-0.7502949215153223,0.6623393838129978,0.343701399688958,1.0,0.6362620696912527
feature_26,649,6470,616,417,0.06445131375579598,0.0970724191063174,50.75441705187468,0.10082304526748971,0.1256092157731502,-2.4786170505660494,0.1269069690266863,0.3559322033898305,0.6899884726185311,0.004498870945600909
feature_17,651,6458,613,369,0.05713843295137814,0.09216589861751152,49.94436763952893,0.09053497942386832,0.1260522817899867,-3.5517302366118386,0.0238162045850017,0.3333333333333333,0.5132096820108364,0.7726662528046235
feature_39,631,6430,602,357,0.05552099533437014,0.08874801901743265,51.38042789223455,0.10905349794238683,0.12162162162162163,-1.2568123679234793,0.46324604911500306,0.3692551505546751,0.9170581798058145,0.7837983478409576
feature_31,644,6425,596,335,0.052140077821011675,0.09627329192546584,47.47600931677019,0.1111111111111111,0.12007089056269384,-0.895977945158273,0.606362592363425,0.34782608695652173,1.0,0.1470921367400536
feature_36,648,6389,604,371,0.05806855532947253,0.09722222222222222,48.220987654320986,0.13580246913580246,0.11918475852902083,1.6617710606781633,0.3047744218574159,0.3425925925925926,0.8127317916197757,0.5419567353052706
feature_24,643,6388,601,349,0.05463368816530995,0.10730948678071539,53.66122343182997,0.10082304526748971,0.12228622064687639,-2.1463175379386676,0.18617156298143112,0.3312597200622084,0.6899884726185311,0.5611595680080637
feature_10,634,6384,598,348,0.05451127819548872,0.08201892744479496,49.24876445846477,0.1337448559670782,0.11807709348692955,1.5667762480148646,0.3036368743239677,0.4022082018927445,0.8127317916197757,0.533043738088594
feature_37,636,6380,596,306,0.04796238244514107,0.10377358490566038,50.82955974842767,0.13786008230452676,0.11719096145325654,2.066912085127022,0.18480632828951837,0.33176100628930816,0.6899884726185311,0.00382351660803093
feature_4,625,6374,593,418,0.06557891433950423,0.1232,52.496586666666666,0.14814814814814814,0.1154186973859105,3.272945076223764,0.038490726150812726,0.3168,0.5132096820108364,0.0013261531980100153
feature_22,636,6366,588,343,0.05387998743323908,0.11163522012578617,49.55335429769392,0.11316872427983539,0.11807709348692955,-0.4908369207094157,0.8240404173880398,0.330188679245283,1.0,0.400353855809477
feature_1,629,6364,590,336,0.05279698302954117,0.11287758346581876,48.67077371489136,0.12962962962962962,0.11674789543642003,1.2881734193209593,0.4154375609625787,0.3322734499205087,0.9170581798058145,0.22411904543868721
feature_29,640,6362,597,371,0.05831499528450173,0.1,49.980703125,0.12962962962962962,0.11829862649534781,1.1331003134281814,0.46172834682532954,0.321875,0.9170581798058145,0.4877839838791388
feature_30,629,6309,591,362,0.05737834839118719,0.0985691573926868,50.171356650768416,0.12345679012345678,0.11763402747009305,0.5822762653363733,0.7115471101226647,0.3370429252782194,1.0,0.7127211669842253
feature_33,635,6274,596,336,0.0535543512910424,0.09921259842519685,51.529606299212595,0.10493827160493827,0.12073548958794861,-1.5797217983010343,0.33827090249669667,0.3417322834645669,0.8456772562417416,0.34374975521013795
feature_16,622,6273,585,396,0.06312769010043041,0.0707395498392283,52.3180332261522,0.09465020576131687,0.11940629153743908,-2.4756085776122205,0.11853259333579932,0.33762057877813506,0.6899884726185311,0.019153726091170782
feature_27,611,6231,581,362,0.05809661370566522,0.10147299509001637,53.37883251500273,0.08641975308641975,0.11940629153743908,-3.2986538451019327,0.03064087131003848,0.3404255319148936,0.5132096820108364,0.5406193656430499
feature_40,621,6222,581,380,0.061073609771777566,0.12721417069243157,51.83048845947396,0.12551440329218108,0.11519716437749225,1.031723891468883,0.5025572568616299,0.3639291465378422,0.9170581798058145,0.10307779672498324
feature_28,623,6213,591,361,0.0581039755351682,0.08667736757624397,50.98065810593901,0.11728395061728394,0.11829862649534781,-0.10146758780638643,1.0,0.3146067415730337,1.0,0.5395395024078427
feature_9,624,6207,579,404,0.06508780409215402,0.11217948717948718,50.118883547008544,0.11522633744855967,0.11586176340274701,-0.06354259541873353,1.0,0.3333333333333333,1.0,0.002699100445078778
feature_7,619,6113,588,311,0.05087518403402585,0.09531502423263329,50.795476575121164,0.09053497942386832,0.12051395657953035,-2.9978977155662028,0.05380028305623316,0.345718901453958,0.5380028305623316,0.06529174331331139
feature_13,612,6099,582,372,0.06099360550909985,0.12091503267973856,49.37350217864924,0.11728395061728394,0.11630482941958352,0.0979121197700425,0.9406846271684639,0.33169934640522875,1.0,0.11255453335339871
feature_25,615,6091,585,344,0.05647676900344771,0.08455284552845528,50.027886178861785,0.10699588477366255,0.11807709348692955,-1.1081208713266997,0.504381998893198,0.33495934959349594,0.9170581798058145,0.9549065403002918
feature_8,596,6030,561,284,0.04709784411276949,0.10570469798657718,52.508389261744966,0.11316872427983539,0.11209570225963669,0.10730220201986967,0.9397143220594266,0.32550335570469796,1.0,0.0019147799731912773
feature_21,591,5950,555,349,0.05865546218487395,0.09983079526226735,51.28759165256627,0.10082304526748971,0.11209570225963669,-1.127265699214698,0.49425786873154043,0.32148900169204736,0.9170581798058145,0.43249902596130785
feature_3,598,5917,556,345,0.05830657427750549,0.11036789297658862,49.785590858416946,0.08641975308641975,0.11386796632698272,-2.7448213240562973,0.06850588679671926,0.35451505016722407,0.5480470943737541,0.5052052561442248
feature_19,589,5900,556,352,0.059661016949152545,0.0967741935483871,50.46378041878891,0.11728395061728394,0.1105449712007089,0.6738979416575044,0.6487462078681911,0.37521222410865873,1.0,0.2641313691893834
feature_14,600,5880,563,307,0.052210884353741494,0.10333333333333333,49.8165,0.10905349794238683,0.1129818342933097,-0.39283363509228647,0.8799037708721406,0.3616666666666667,1.0,0.1727342576817191
feature_18,588,5850,552,369,0.06307692307692307,0.10374149659863946,49.91315192743764,0.1111111111111111,0.11032343819229065,0.07876729188204534,0.939335159250491,0.358843537414966,1.0,0.02474744083749161
feature_35,587,5816,559,313,0.05381705639614855,0.1141396933560477,49.21618398637138,0.12757201646090535,0.1101019051838724,1.747011127703295,0.25552117545393405,0.3390119250425894,0.8127317916197757,0.4095651278961664
feature_5,577,5759,539,316,0.054870637263413784,0.09185441941074524,51.365222414789145,0.10082304526748971,0.10855117412494461,-0.7728128857454899,0.6446477266578079,0.3587521663778163,1.0,0.6356685012130625
feature_23,563,5601,533,306,0.05463310123192287,0.09769094138543517,49.67001184132623,0.10493827160493827,0.10677891005759858,-0.18406384526603176,1.0,0.32326820603907636,1.0,0.5862092706865696
