month,new_signups,accounts_signed_cum,accounts_with_active_sub_eom,new_subscriptions,ended_subscriptions,active_subscriptions_eom,active_mrr_proxy_eom,ended_mrr_proxy,usage_rows,usage_count,usage_errors,usage_per_signed_account,usage_per_active_account,usage_per_active_subscription,error_rate,tickets,tickets_per_100_accounts,escalations,csat_mean,csat_response_rate,churn_events,churn_events_per_100_accounts,reactivation_events,refund_usd,ended_subs_per_100_active
2023-01,17,17,2,3,0,3,4684,0,1069,10877,592,639.8235294117648,5438.5,3625.6666666666665,0.05442677208789188,83,488.2352941176471,1,4.020833333333333,0.5783132530120482,1,5.882352941176471,0,0.0,0.0
2023-02,18,35,10,11,0,14,15763,0,970,9492,602,271.2,949.2,678.0,0.06342182890855458,59,168.57142857142858,4,4.027777777777778,0.6101694915254238,0,0.0,0,0.0,0.0
2023-03,20,55,21,17,0,31,41648,0,1103,11031,601,200.56363636363636,525.2857142857143,355.83870967741933,0.054482821140422445,86,156.36363636363637,3,3.9583333333333335,0.5581395348837209,5,9.090909090909092,0,0.0,0.0
2023-04,15,70,36,31,1,61,83191,245,1032,10369,580,148.12857142857143,288.02777777777777,169.98360655737704,0.055935962966534865,91,130.0,6,3.8076923076923075,0.5714285714285714,3,4.285714285714286,0,38.15,1.6129032258064515
2023-05,26,96,50,29,0,90,169110,0,1077,10757,663,112.05208333333333,215.14,119.52222222222223,0.06163428465185461,78,81.25,4,4.027027027027027,0.47435897435897434,3,3.125,0,0.0,0.0
2023-06,13,109,71,46,1,135,242921,1176,1013,10002,626,91.76146788990826,140.8732394366197,74.08888888888889,0.0625874825034993,82,75.22935779816514,2,4.183673469387755,0.5975609756097561,5,4.587155963302752,0,0.0,0.7352941176470589
2023-07,14,123,89,59,1,193,363115,228,1075,11083,599,90.10569105691057,124.52808988764045,57.424870466321245,0.05404673824776685,83,67.47967479674797,1,3.9130434782608696,0.5542168674698795,6,4.878048780487805,1,0.0,0.5154639175257731
2023-08,16,139,116,82,1,274,528050,686,1040,10335,563,74.35251798561151,89.09482758620689,37.71897810218978,0.05447508466376391,96,69.06474820143885,3,3.9285714285714284,0.5833333333333334,7,5.0359712230215825,0,70.81,0.36363636363636365
2023-09,23,162,131,62,0,336,644272,0,969,9737,536,60.10493827160494,74.32824427480917,28.979166666666668,0.05504775598233542,93,57.407407407407405,5,4.072727272727272,0.5913978494623656,6,3.7037037037037037,1,0.0,0.0
2023-10,20,182,149,84,3,417,821288,5502,1095,10968,601,60.26373626373626,73.61073825503355,26.302158273381295,0.05479576951130562,75,41.20879120879121,4,3.7804878048780486,0.5466666666666666,10,5.4945054945054945,3,0.0,0.7142857142857143
2023-11,25,207,170,121,8,530,1014948,23559,944,9475,478,45.772946859903385,55.73529411764706,17.87735849056604,0.05044854881266491,74,35.7487922705314,5,4.224489795918367,0.6621621621621622,11,5.314009661835748,0,300.51,1.486988847583643
2023-12,20,227,190,121,3,648,1262113,20099,1043,10435,650,45.969162995594715,54.921052631578945,16.103395061728396,0.06229036895064686,91,40.08810572687225,5,3.9347826086956523,0.5054945054945055,16,7.048458149779735,1,358.06,0.4608294930875576
2024-01,16,243,216,134,11,771,1522685,16361,1060,10621,614,43.70781893004115,49.1712962962963,13.77561608300908,0.05780999905846907,84,34.5679012345679,4,3.891304347826087,0.5476190476190477,20,8.23045267489712,0,326.28000000000003,1.4066496163682864
2024-02,13,256,235,152,7,916,1873778,14349,1016,10247,598,40.02734375,43.60425531914893,11.186681222707424,0.05835854396408705,75,29.296875,4,4.0212765957446805,0.6266666666666667,10,3.90625,2,0.0,0.7583965330444203
2024-03,27,283,260,186,9,1093,2276266,19428,1069,10725,590,37.897526501766784,41.25,9.812442817932297,0.05501165501165501,92,32.50883392226148,3,3.7254901960784315,0.5543478260869565,24,8.480565371024735,1,355.24,0.8166969147005445
2024-04,22,305,282,193,12,1274,2707236,14888,1020,10131,605,33.21639344262295,35.92553191489362,7.952119309262167,0.05971769815418024,81,26.557377049180328,4,3.8076923076923075,0.6419753086419753,25,8.19672131147541,3,286.32,0.9331259720062208
2024-05,22,327,310,245,12,1507,3316249,23536,1040,10552,613,32.269113149847094,34.038709677419355,7.001990710019907,0.05809325246398787,81,24.770642201834864,7,4.153846153846154,0.6419753086419753,27,8.256880733944953,3,189.52,0.7899934167215273
2024-06,21,348,337,248,13,1742,3833405,20602,1013,10106,539,29.04022988505747,29.98813056379822,5.801377726750861,0.0533346526815753,78,22.413793103448278,5,4.0,0.6153846153846154,40,11.494252873563218,5,514.46,0.7407407407407407
2024-07,26,374,365,330,17,2055,4513192,28029,1068,10601,656,28.344919786096256,29.043835616438358,5.158637469586375,0.06188095462692199,70,18.71657754010695,2,4.0,0.5428571428571428,35,9.358288770053475,3,653.9000000000001,0.8204633204633205
2024-08,21,395,385,337,28,2364,5120881,40737,1060,10559,555,26.73164556962025,27.425974025974025,4.466582064297801,0.05256179562458566,82,20.759493670886076,1,3.9583333333333335,0.5853658536585366,42,10.632911392405063,5,829.47,1.1705685618729098
2024-09,25,420,415,440,35,2769,6035345,77902,1020,10195,564,24.273809523809526,24.566265060240966,3.6818345973275552,0.05532123589995096,96,22.857142857142858,7,4.359375,0.6666666666666666,53,12.619047619047619,7,1019.21,1.2482168330955778
2024-10,31,451,439,504,58,3215,7098896,110057,1137,11450,570,25.3880266075388,26.082004555808656,3.561430793157076,0.04978165938864629,88,19.51219512195122,7,4.0181818181818185,0.625,66,14.634146341463415,6,832.1800000000001,1.7720745493431103
2024-11,32,483,475,612,73,3754,8460824,187112,991,10039,537,20.784679089026916,21.134736842105262,2.6742141715503465,0.05349138360394461,84,17.391304347826086,5,3.816326530612245,0.5833333333333334,68,14.078674948240165,9,732.06,1.907499346746799
2024-12,17,500,500,953,193,4514,10159608,574643,1076,10738,575,21.476,21.476,2.3788214443952147,0.05354814676848575,98,19.6,3,3.838709677419355,0.6326530612244898,117,23.4,11,2146.08,4.100276184406203
