grain,outcome,model,observed_oof_auc,null_auc_mean,null_auc_p97_5,permutation_p
account,churn_flag,logistic_l2,0.5380652680652681,0.49995664335664336,0.5832931235431235,0.21782178217821782
account,churn_flag,decision_tree_depth4,0.5245571095571095,0.5014740093240093,0.576159965034965,0.24752475247524752
account,churn_flag,gradient_boosting,0.5364568764568765,0.5060713286713286,0.5830565268065268,0.2871287128712871
account,has_churn_event,logistic_l2,0.45385442260442266,0.5054681741400492,0.5739370585073709,0.8811881188118812
account,has_churn_event,decision_tree_depth4,0.527430128992629,0.4973544034090909,0.5616796395116707,0.18811881188118812
account,has_churn_event,gradient_boosting,0.46752149877149873,0.4885219594594593,0.5581853693181819,0.693069306930693
subscription,subscription_end,logistic_l2,0.5078334254108389,0.4973510350058619,0.5317992514372296,0.2871287128712871
subscription,subscription_end,decision_tree_depth4,0.5180538006129992,0.5027479893372425,0.5375692062736689,0.1485148514851485
subscription,subscription_end,gradient_boosting,0.535432290213711,0.5020517990668264,0.5430942554576433,0.0594059405940594
