segment,level,records,ended_records,ended_mrr_proxy,active_mrr_proxy,ended_mrr_share_of_segment_mrr,ended_record_share,mean_mrr_ended,mean_mrr_active,active_non_autorenew_mrr
plan_tier,Basic,1602,152,72523,687914,0.09537016215675986,0.09488139825218476,477.125,474.4234482758621,130302
plan_tier,Enterprise,1723,172,926345,7546876,0.10932619366354306,0.09982588508415555,5385.726744186047,4865.813023855577,1493097
plan_tier,Pro,1675,162,180271,1924818,0.08563580922231792,0.09671641791044776,1112.783950617284,1272.186384666226,400379
billing_frequency,annual,2461,247,549373,5048025,0.09814792516094085,0.1003657049979683,2224.182186234818,2280.047425474255,999994
billing_frequency,monthly,2539,239,629766,5111583,0.1096895520547523,0.09413154785348563,2635.0041841004186,2222.427391304348,1023784
industry,Cybersecurity,1008,103,279062,1974256,0.12384492557197875,0.10218253968253968,2709.339805825243,2181.4983425414366,365302
industry,DevTools,1158,125,238611,2165043,0.09927011125561333,0.1079447322970639,1908.888,2095.8789932236205,369878
industry,EdTech,785,66,198743,1844424,0.09727202915865418,0.0840764331210191,3011.257575757576,2565.2628650904035,367168
industry,FinTech,1100,96,253446,2416050,0.09494151705040951,0.08727272727272728,2640.0625,2406.4243027888447,538566
industry,HealthTech,949,96,209277,1759835,0.10627988656815864,0.101159114857745,2179.96875,2063.1125439624852,382864
referral_source,ads,1000,99,194077,1952542,0.09041054793607994,0.099,1960.3737373737374,2167.083240843507,312970
referral_source,event,917,92,260954,1660496,0.13581097608576856,0.10032715376226826,2836.4565217391305,2012.7224242424243,439115
referral_source,organic,1170,127,265637,2533070,0.09491418715857002,0.10854700854700855,2091.6299212598424,2428.6385426653883,550863
referral_source,other,1027,91,273644,2104084,0.1150863345176572,0.08860759493670886,3007.076923076923,2247.9529914529912,329824
referral_source,partner,886,77,184827,1909416,0.08825480137691757,0.08690744920993228,2400.3506493506493,2360.2175525339926,391006
