outcome,grain,segment,level,n,events,rate,ci95_low,ci95_high,overall_rate,test_p_value,test,q_value_bh
churn_flag,account,industry,Cybersecurity,100,16,0.16,0.10095202349473717,0.24420444558894414,0.22,0.06567465981750352,chi2,0.32016396661032964
churn_flag,account,industry,DevTools,113,35,0.30973451327433627,0.23191541688374973,0.40006497366208327,0.22,0.06567465981750352,chi2,0.32016396661032964
churn_flag,account,industry,EdTech,79,13,0.16455696202531644,0.09876613959277634,0.26145867499313213,0.22,0.06567465981750352,chi2,0.32016396661032964
churn_flag,account,industry,FinTech,112,25,0.22321428571428573,0.15601066350684978,0.3087757344710787,0.22,0.06567465981750352,chi2,0.32016396661032964
churn_flag,account,industry,HealthTech,96,21,0.21875,0.14776236248775232,0.3113809204724567,0.22,0.06567465981750352,chi2,0.32016396661032964
churn_flag,account,country,AU,32,4,0.125,0.04970053844474301,0.2806864978482796,0.22,0.658801048683201,chi2,0.9197033142234694
churn_flag,account,country,CA,23,4,0.17391304347826086,0.06978540350612772,0.37138054785295666,0.22,0.658801048683201,chi2,0.9197033142234694
churn_flag,account,country,DE,25,8,0.32,0.17204987516891143,0.5159008626542329,0.22,0.658801048683201,chi2,0.9197033142234694
churn_flag,account,country,FR,22,5,0.22727272727272727,0.10122890794820358,0.4344035606295935,0.22,0.658801048683201,chi2,0.9197033142234694
churn_flag,account,country,IN,49,10,0.20408163265306123,0.11481727042813811,0.33637270110943834,0.22,0.658801048683201,chi2,0.9197033142234694
churn_flag,account,country,UK,58,11,0.1896551724137931,0.10934140042567436,0.3085261838541631,0.22,0.658801048683201,chi2,0.9197033142234694
churn_flag,account,country,US,291,68,0.23367697594501718,0.18871935169501186,0.28557464209690897,0.22,0.658801048683201,chi2,0.9197033142234694
churn_flag,account,referral_source,ads,98,23,0.23469387755102042,0.1617836559088351,0.3276194956520202,0.22,0.07935639594437033,chi2,0.34387771575893805
churn_flag,account,referral_source,event,96,29,0.3020833333333333,0.2193102457465474,0.40008687929952563,0.22,0.07935639594437033,chi2,0.34387771575893805
churn_flag,account,referral_source,organic,114,20,0.17543859649122806,0.11653670199867364,0.25550169530754085,0.22,0.07935639594437033,chi2,0.34387771575893805
churn_flag,account,referral_source,other,103,25,0.24271844660194175,0.17014922730424603,0.3337893134888534,0.22,0.07935639594437033,chi2,0.34387771575893805
churn_flag,account,referral_source,partner,89,13,0.14606741573033707,0.08739377564182575,0.2340311028609144,0.22,0.07935639594437033,chi2,0.34387771575893805
churn_flag,account,plan_tier,Basic,168,37,0.22023809523809523,0.16421635802623952,0.2887682510556126,0.22,0.9992809971620159,chi2,0.9992809971620159
churn_flag,account,plan_tier,Enterprise,154,34,0.22077922077922077,0.16251159892911632,0.29263837420851024,0.22,0.9992809971620159,chi2,0.9992809971620159
churn_flag,account,plan_tier,Pro,178,39,0.21910112359550563,0.16462184371007865,0.2854489871669044,0.22,0.9992809971620159,chi2,0.9992809971620159
churn_flag,account,is_trial,False,403,85,0.2109181141439206,0.17391137147168917,0.2533841656611901,0.22,0.3882857671584188,chi2,0.832944544270705
churn_flag,account,is_trial,True,97,25,0.25773195876288657,0.18109470708719705,0.35282780108403383,0.22,0.3882857671584188,chi2,0.832944544270705
churn_flag,account,seats_band,1-5,126,26,0.20634920634920634,0.14488830948972267,0.2851864893420847,0.22,0.8159463036148396,chi2,0.9643001769993559
churn_flag,account,seats_band,16-30,130,29,0.2230769230769231,0.16004839200095863,0.302002270872169,0.22,0.8159463036148396,chi2,0.9643001769993559
churn_flag,account,seats_band,31+,110,22,0.2,0.13595004455478174,0.2842970355986948,0.22,0.8159463036148396,chi2,0.9643001769993559
churn_flag,account,seats_band,6-15,134,33,0.2462686567164179,0.18106846409287522,0.3256116673043228,0.22,0.8159463036148396,chi2,0.9643001769993559
churn_flag,account,signup_half,2023H1,109,29,0.26605504587155965,0.1920974014994754,0.3559416195707682,0.22,0.2675300728274936,chi2,0.6521045525170156
churn_flag,account,signup_half,2023H2,118,29,0.2457627118644068,0.1769108428586466,0.330646510294956,0.22,0.2675300728274936,chi2,0.6521045525170156
churn_flag,account,signup_half,2024H1,121,26,0.21487603305785125,0.15106665784733153,0.2962329602286944,0.22,0.2675300728274936,chi2,0.6521045525170156
churn_flag,account,signup_half,2024H2,152,26,0.17105263157894737,0.11948678476560781,0.23883602506180673,0.22,0.2675300728274936,chi2,0.6521045525170156
has_churn_event,account,industry,Cybersecurity,100,72,0.72,0.6251178763865427,0.7986044083240164,0.704,0.7845838120465712,chi2,0.9562115209317588
has_churn_event,account,industry,DevTools,113,83,0.7345132743362832,0.6463607898259159,0.8072447753152668,0.704,0.7845838120465712,chi2,0.9562115209317588
has_churn_event,account,industry,EdTech,79,57,0.7215189873417721,0.6141734225170346,0.8083196244545352,0.704,0.7845838120465712,chi2,0.9562115209317588
has_churn_event,account,industry,FinTech,112,76,0.6785714285714286,0.5873956839410913,0.7579034141376645,0.704,0.7845838120465712,chi2,0.9562115209317588
has_churn_event,account,industry,HealthTech,96,64,0.6666666666666666,0.567563189409838,0.7529444947618901,0.704,0.7845838120465712,chi2,0.9562115209317588
has_churn_event,account,country,AU,32,22,0.6875,0.514330003019676,0.8204764788338126,0.704,0.6398918626074057,chi2,0.9197033142234694
has_churn_event,account,country,CA,23,16,0.6956521739130435,0.49133870939427393,0.8439617197902755,0.704,0.6398918626074057,chi2,0.9197033142234694
has_churn_event,account,country,DE,25,14,0.56,0.37067017019564436,0.7333462505299744,0.704,0.6398918626074057,chi2,0.9197033142234694
has_churn_event,account,country,FR,22,16,0.7272727272727273,0.5184787630099802,0.8684941798418556,0.704,0.6398918626074057,chi2,0.9197033142234694
has_churn_event,account,country,IN,49,33,0.673469387755102,0.5337894368740628,0.7879267867073578,0.704,0.6398918626074057,chi2,0.9197033142234694
has_churn_event,account,country,UK,58,45,0.7758620689655172,0.6533863695244156,0.8640646666712842,0.704,0.6398918626074057,chi2,0.9197033142234694
has_churn_event,account,country,US,291,206,0.7079037800687286,0.6532189792634481,0.7571708707441492,0.704,0.6398918626074057,chi2,0.9197033142234694
has_churn_event,account,referral_source,ads,98,59,0.6020408163265306,0.50304770600903,0.6933356972367949,0.704,0.1427243186661575,chi2,0.47816995992664013
has_churn_event,account,referral_source,event,96,68,0.7083333333333334,0.610799219414304,0.7898353858003561,0.704,0.1427243186661575,chi2,0.47816995992664013
has_churn_event,account,referral_source,organic,114,85,0.7456140350877193,0.6585664892117132,0.816647696610611,0.704,0.1427243186661575,chi2,0.47816995992664013
has_churn_event,account,referral_source,other,103,73,0.7087378640776699,0.6147531128118702,0.7877118446578795,0.704,0.1427243186661575,chi2,0.47816995992664013
has_churn_event,account,referral_source,partner,89,67,0.7528089887640449,0.6539776698770603,0.8307188454781251,0.704,0.1427243186661575,chi2,0.47816995992664013
has_churn_event,account,plan_tier,Basic,168,115,0.6845238095238095,0.6107947976421473,0.7500025878570566,0.704,0.7125208662003093,chi2,0.9197033142234694
has_churn_event,account,plan_tier,Enterprise,154,108,0.7012987012987013,0.6248287179428421,0.7679701386323573,0.704,0.7125208662003093,chi2,0.9197033142234694
has_churn_event,account,plan_tier,Pro,178,129,0.7247191011235955,0.6548777441091213,0.7850655911892922,0.704,0.7125208662003093,chi2,0.9197033142234694
has_churn_event,account,is_trial,False,403,285,0.707196029776675,0.6609780480626061,0.7495011163099655,0.704,0.8452149740234396,chi2,0.9650927400050675
has_churn_event,account,is_trial,True,97,67,0.6907216494845361,0.5929522976148841,0.7739597704205298,0.704,0.8452149740234396,chi2,0.9650927400050675
has_churn_event,account,seats_band,1-5,126,87,0.6904761904761905,0.6051222263493414,0.7645589852192161,0.704,0.866108869235317,chi2,0.9650927400050675
has_churn_event,account,seats_band,16-30,130,89,0.6846153846153846,0.6004148643239348,0.7582180270939801,0.704,0.866108869235317,chi2,0.9650927400050675
has_churn_event,account,seats_band,31+,110,80,0.7272727272727273,0.637432407306822,0.8017743501526655,0.704,0.866108869235317,chi2,0.9650927400050675
has_churn_event,account,seats_band,6-15,134,96,0.7164179104477612,0.6348981844913985,0.7858746446109915,0.704,0.866108869235317,chi2,0.9650927400050675
has_churn_event,account,signup_half,2023H1,109,71,0.6513761467889908,0.5581460530797037,0.7342992862277856,0.704,0.15612941009912526,chi2,0.47816995992664013
has_churn_event,account,signup_half,2023H2,118,92,0.7796610169491526,0.6967206754741533,0.8449662360568837,0.704,0.15612941009912526,chi2,0.47816995992664013
has_churn_event,account,signup_half,2024H1,121,86,0.7107438016528925,0.6244569751254295,0.7840606984705513,0.704,0.15612941009912526,chi2,0.47816995992664013
has_churn_event,account,signup_half,2024H2,152,103,0.6776315789473685,0.5997406722616577,0.7467650104315385,0.704,0.15612941009912526,chi2,0.47816995992664013
any_sub_ended,account,industry,Cybersecurity,100,65,0.65,0.5525426042919797,0.7363589534652197,0.624,0.002372054018839359,chi2,0.030836702244911668
any_sub_ended,account,industry,DevTools,113,80,0.7079646017699115,0.6183958164366699,0.7838581752923033,0.624,0.002372054018839359,chi2,0.030836702244911668
any_sub_ended,account,industry,EdTech,79,44,0.5569620253164557,0.4473171607311567,0.661323908490104,0.624,0.002372054018839359,chi2,0.030836702244911668
any_sub_ended,account,industry,FinTech,112,55,0.49107142857142855,0.4003286554620758,0.5824063896339864,0.624,0.002372054018839359,chi2,0.030836702244911668
any_sub_ended,account,industry,HealthTech,96,68,0.7083333333333334,0.610799219414304,0.7898353858003561,0.624,0.002372054018839359,chi2,0.030836702244911668
any_sub_ended,account,country,AU,32,22,0.6875,0.514330003019676,0.8204764788338126,0.624,0.4700191770717591,chi2,0.832944544270705
any_sub_ended,account,country,CA,23,14,0.6086956521739131,0.4078517960374599,0.7784262201761787,0.624,0.4700191770717591,chi2,0.832944544270705
any_sub_ended,account,country,DE,25,13,0.52,0.334982179531473,0.6996899607103998,0.624,0.4700191770717591,chi2,0.832944544270705
any_sub_ended,account,country,FR,22,14,0.6363636363636364,0.4295134934371804,0.802670272273921,0.624,0.4700191770717591,chi2,0.832944544270705
any_sub_ended,account,country,IN,49,25,0.5102040816326531,0.37467331533409215,0.6442511684059913,0.624,0.4700191770717591,chi2,0.832944544270705
any_sub_ended,account,country,UK,58,40,0.6896551724137931,0.5619669315326005,0.7937806558519432,0.624,0.4700191770717591,chi2,0.832944544270705
any_sub_ended,account,country,US,291,184,0.6323024054982818,0.5755127310234404,0.6856444462541215,0.624,0.4700191770717591,chi2,0.832944544270705
any_sub_ended,account,referral_source,ads,98,61,0.6224489795918368,0.5235640278836827,0.7120960560113073,0.624,0.49122370559554396,chi2,0.832944544270705
any_sub_ended,account,referral_source,event,96,58,0.6041666666666666,0.5041492795838095,0.6961680230235204,0.624,0.49122370559554396,chi2,0.832944544270705
any_sub_ended,account,referral_source,organic,114,78,0.6842105263157895,0.5940639890594854,0.7623466503072578,0.624,0.49122370559554396,chi2,0.832944544270705
any_sub_ended,account,referral_source,other,103,65,0.6310679611650486,0.5347390366684422,0.7179715180218659,0.624,0.49122370559554396,chi2,0.832944544270705
any_sub_ended,account,referral_source,partner,89,50,0.5617977528089888,0.45828020628709,0.6602011641330666,0.624,0.49122370559554396,chi2,0.832944544270705
any_sub_ended,account,plan_tier,Basic,168,101,0.6011904761904762,0.5256816353897363,0.6721749953678916,0.624,0.7310462241263475,chi2,0.9197033142234694
any_sub_ended,account,plan_tier,Enterprise,154,99,0.6428571428571429,0.5645472963801006,0.7142131824797184,0.624,0.7310462241263475,chi2,0.9197033142234694
any_sub_ended,account,plan_tier,Pro,178,112,0.6292134831460674,0.5562252733268693,0.6967421444697184,0.624,0.7310462241263475,chi2,0.9197033142234694
any_sub_ended,account,is_trial,False,403,252,0.6253101736972705,0.5770764085768817,0.6711774573011408,0.624,0.9947837860788822,chi2,0.9992809971620159
any_sub_ended,account,is_trial,True,97,60,0.6185567010309279,0.5191255982790657,0.708954876445651,0.624,0.9947837860788822,chi2,0.9992809971620159
any_sub_ended,account,seats_band,1-5,126,91,0.7222222222222222,0.6383243106700753,0.7929704361599084,0.624,0.061373858463463396,chi2,0.32016396661032964
any_sub_ended,account,seats_band,16-30,130,76,0.5846153846153846,0.4986640055509345,0.66570940301561,0.624,0.061373858463463396,chi2,0.32016396661032964
any_sub_ended,account,seats_band,31+,110,63,0.5727272727272728,0.4793675269277536,0.6611786354592826,0.624,0.061373858463463396,chi2,0.32016396661032964
any_sub_ended,account,seats_band,6-15,134,82,0.6119402985074627,0.5274084845750907,0.6902326339261454,0.624,0.061373858463463396,chi2,0.32016396661032964
any_sub_ended,account,signup_half,2023H1,109,72,0.6605504587155964,0.5675439020618452,0.7426253972036739,0.624,0.7043819673157521,chi2,0.9197033142234694
any_sub_ended,account,signup_half,2023H2,118,69,0.5847457627118644,0.4945348394767576,0.6696127094720415,0.624,0.7043819673157521,chi2,0.9197033142234694
any_sub_ended,account,signup_half,2024H1,121,76,0.628099173553719,0.5392836613748759,0.7090310029677791,0.624,0.7043819673157521,chi2,0.9197033142234694
any_sub_ended,account,signup_half,2024H2,152,95,0.625,0.5458463609263784,0.6979909713392041,0.624,0.7043819673157521,chi2,0.9197033142234694
churn_events_per_account_year,account,industry,Cybersecurity,100,120,1.2929584943508659,1.071991086311517,1.5460614267723507,1.2901573621094649,0.5987855653658176,Poisson LR,0.9197033142234694
churn_events_per_account_year,account,industry,DevTools,113,142,1.3145815379936128,1.1072610690526088,1.549447970625756,1.2901573621094649,0.5987855653658176,Poisson LR,0.9197033142234694
churn_events_per_account_year,account,industry,EdTech,79,99,1.4763902498775112,1.199937142760692,1.7974521544520674,1.2901573621094649,0.5987855653658176,Poisson LR,0.9197033142234694
churn_events_per_account_year,account,industry,FinTech,112,128,1.2265393394023665,1.0232723894297746,1.458359283961572,1.2901573621094649,0.5987855653658176,Poisson LR,0.9197033142234694
churn_events_per_account_year,account,industry,HealthTech,96,111,1.1959160496740509,0.9838114806225011,1.44019140971147,1.2901573621094649,0.5987855653658176,Poisson LR,0.9197033142234694
churn_events_per_account_year,account,country,AU,32,34,1.061138169700077,0.7348690299465968,1.4828342316306014,1.2901573621094649,0.18951313147239607,Poisson LR,0.4927341418282298
churn_events_per_account_year,account,country,CA,23,31,1.3331861533027198,0.905835309240735,1.8923513263936897,1.2901573621094649,0.18951313147239607,Poisson LR,0.4927341418282298
churn_events_per_account_year,account,country,DE,25,29,0.9477675375805297,0.6347347945588211,1.3611522793883102,1.2901573621094649,0.18951313147239607,Poisson LR,0.4927341418282298
churn_events_per_account_year,account,country,FR,22,27,1.5346638655462186,1.0113531575828016,2.2328553513998552,1.2901573621094649,0.18951313147239607,Poisson LR,0.4927341418282298
churn_events_per_account_year,account,country,IN,49,52,1.0860590118938702,0.8111208171299442,1.4242219010666641,1.2901573621094649,0.18951313147239607,Poisson LR,0.4927341418282298
churn_events_per_account_year,account,country,UK,58,77,1.4801457818009578,1.16810790410171,1.849928266915946,1.2901573621094649,0.18951313147239607,Poisson LR,0.4927341418282298
churn_events_per_account_year,account,country,US,291,350,1.3375481292374656,1.2010745626738553,1.485281079863828,1.2901573621094649,0.18951313147239607,Poisson LR,0.4927341418282298
churn_events_per_account_year,account,referral_source,ads,98,100,1.0158248970964512,0.8265156803982555,1.2355152528836282,1.2901573621094649,0.023329212937023572,Poisson LR,0.18196786090878386
churn_events_per_account_year,account,referral_source,event,96,117,1.3232876076051279,1.0943949052992932,1.5859254665346594,1.2901573621094649,0.023329212937023572,Poisson LR,0.18196786090878386
churn_events_per_account_year,account,referral_source,organic,114,149,1.5587515036947928,1.3185191708251027,1.8300917932652596,1.2901573621094649,0.023329212937023572,Poisson LR,0.18196786090878386
churn_events_per_account_year,account,referral_source,other,103,123,1.2723597383103458,1.0574553388793326,1.518105365112268,1.2901573621094649,0.023329212937023572,Poisson LR,0.18196786090878386
churn_events_per_account_year,account,referral_source,partner,89,111,1.2915817139216312,1.0625101307608606,1.5553975463723655,1.2901573621094649,0.023329212937023572,Poisson LR,0.18196786090878386
churn_events_per_account_year,account,plan_tier,Basic,168,180,1.2231855476380955,1.051014711015808,1.4155153486739798,1.2901573621094649,0.6779307325692866,Poisson LR,0.9197033142234694
churn_events_per_account_year,account,plan_tier,Enterprise,154,195,1.3314592563512984,1.1511298101007408,1.5320250227500363,1.2901573621094649,0.6779307325692866,Poisson LR,0.9197033142234694
churn_events_per_account_year,account,plan_tier,Pro,178,225,1.3123592724485396,1.1464703173610393,1.4955071282320087,1.2901573621094649,0.6779307325692866,Poisson LR,0.9197033142234694
churn_events_per_account_year,account,is_trial,False,403,489,1.327599342917032,1.2125228912242147,1.45065314371901,1.2901573621094649,0.15938998664221338,Poisson LR,0.47816995992664013
churn_events_per_account_year,account,is_trial,True,97,111,1.1475770613377112,0.9440457698939515,1.3819787987383894,1.2901573621094649,0.15938998664221338,Poisson LR,0.47816995992664013
churn_events_per_account_year,account,seats_band,1-5,126,156,1.3484877171392058,1.1451817850018964,1.5774824557687497,1.2901573621094649,0.1829108275426792,Poisson LR,0.4927341418282298
churn_events_per_account_year,account,seats_band,16-30,130,149,1.1164683557287927,0.9444000067737744,1.3108180299530878,1.2901573621094649,0.1829108275426792,Poisson LR,0.4927341418282298
churn_events_per_account_year,account,seats_band,31+,110,134,1.4181589012517386,1.1882187537438555,1.6796144088083491,1.2901573621094649,0.1829108275426792,Poisson LR,0.4927341418282298
churn_events_per_account_year,account,seats_band,6-15,134,161,1.325875946969697,1.1289801539120325,1.54723552030252,1.2901573621094649,0.1829108275426792,Poisson LR,0.4927341418282298
churn_events_per_account_year,account,signup_half,2023H1,109,121,0.6313246385920805,0.5238564448930245,0.7543523832314772,1.2901573621094649,1.0076663834908255e-60,Poisson LR,3.9298988956142194e-59
churn_events_per_account_year,account,signup_half,2023H2,118,156,1.0702090494168028,0.9088580444294834,1.2519476284452349,1.2901573621094649,1.0076663834908255e-60,Poisson LR,3.9298988956142194e-59
churn_events_per_account_year,account,signup_half,2024H1,121,149,1.6739641967334133,1.415975464617749,1.9653601817865731,1.2901573621094649,1.0076663834908255e-60,Poisson LR,3.9298988956142194e-59
churn_events_per_account_year,account,signup_half,2024H2,152,174,4.505103849152903,3.8605654122382336,5.226481408215819,1.2901573621094649,1.0076663834908255e-60,Poisson LR,3.9298988956142194e-59
subscription_ends_per_100_sub_months,subscription,plan_tier,Basic,1602,152,1.7297072975590058,1.4656603607725271,2.027583814013732,1.8271342427446366,0.6386339309635101,Poisson LR,0.9197033142234694
subscription_ends_per_100_sub_months,subscription,plan_tier,Enterprise,1723,172,1.921841502452204,1.6453551732588922,2.2314926384090117,1.8271342427446366,0.6386339309635101,Poisson LR,0.9197033142234694
subscription_ends_per_100_sub_months,subscription,plan_tier,Pro,1675,162,1.8280984106151776,1.5574265111360135,2.1322897744778944,1.8271342427446366,0.6386339309635101,Poisson LR,0.9197033142234694
subscription_ends_per_100_sub_months,subscription,billing_frequency,annual,2461,247,1.8927316235615184,1.6640295488140424,2.144085700314161,1.8271342427446366,0.4373583088709686,Poisson LR,0.832944544270705
subscription_ends_per_100_sub_months,subscription,billing_frequency,monthly,2539,239,1.7639536519067607,1.547390874748234,2.0023413558485923,1.8271342427446366,0.4373583088709686,Poisson LR,0.832944544270705
subscription_ends_per_100_sub_months,subscription,is_trial,False,4222,408,1.8240798814351749,1.6513563411097356,2.009958566136586,1.8271342427446366,0.9325581308911695,Poisson LR,0.987268857166523
subscription_ends_per_100_sub_months,subscription,is_trial,True,778,78,1.8432790627256421,1.457035607848513,2.300495691677225,1.8271342427446366,0.9325581308911695,Poisson LR,0.987268857166523
subscription_ends_per_100_sub_months,subscription,auto_renew_flag,False,995,96,1.8139266359172372,1.4692863988365876,2.215114887323037,1.8271342427446366,0.9366396850041372,Poisson LR,0.987268857166523
subscription_ends_per_100_sub_months,subscription,auto_renew_flag,True,4005,390,1.8304148978984487,1.6532377474648747,2.021407266468161,1.8271342427446366,0.9366396850041372,Poisson LR,0.987268857166523
subscription_ends_per_100_sub_months,subscription,upgrade_flag,False,4471,440,1.8689391180086605,1.6983671649973158,2.0520019472911164,1.8271342427446366,0.15021288411744735,Poisson LR,0.47816995992664013
subscription_ends_per_100_sub_months,subscription,upgrade_flag,True,529,46,1.5051061542596076,1.101926870879421,2.0076006891329876,1.8271342427446366,0.15021288411744735,Poisson LR,0.47816995992664013
subscription_ends_per_100_sub_months,subscription,downgrade_flag,False,4782,461,1.811877605148574,1.6502345380306196,1.9850743860240971,1.8271342427446366,0.40079959852045666,Poisson LR,0.832944544270705
subscription_ends_per_100_sub_months,subscription,downgrade_flag,True,218,25,2.162983229107448,1.3997687002367971,3.192989933324561,1.8271342427446366,0.40079959852045666,Poisson LR,0.832944544270705
subscription_ends_per_100_sub_months,subscription,seats_band,1-10,814,93,2.079369655922193,1.6783196789798882,2.547368309496343,1.8271342427446366,0.47516362374780907,Poisson LR,0.832944544270705
subscription_ends_per_100_sub_months,subscription,seats_band,11-25,1843,172,1.7481834453096825,1.4966804868537151,2.029854430669461,1.8271342427446366,0.47516362374780907,Poisson LR,0.832944544270705
subscription_ends_per_100_sub_months,subscription,seats_band,26-50,1612,149,1.7357841898988042,1.468267857558917,2.0379415149134528,1.8271342427446366,0.47516362374780907,Poisson LR,0.832944544270705
subscription_ends_per_100_sub_months,subscription,seats_band,51+,731,72,1.9439910584394848,1.5210532774146717,2.4481350087901186,1.8271342427446366,0.47516362374780907,Poisson LR,0.832944544270705
subscription_ends_per_100_sub_months,subscription,industry,Cybersecurity,1008,103,2.057330117793746,1.6792595225057645,2.4951111002848116,1.8271342427446366,0.4760824942575166,Poisson LR,0.832944544270705
subscription_ends_per_100_sub_months,subscription,industry,DevTools,1158,125,1.9400189173754308,1.6148546602618987,2.3114449590152053,1.8271342427446366,0.4760824942575166,Poisson LR,0.832944544270705
subscription_ends_per_100_sub_months,subscription,industry,EdTech,785,66,1.7285849503076196,1.3368874753408717,2.199183885981845,1.8271342427446366,0.4760824942575166,Poisson LR,0.832944544270705
subscription_ends_per_100_sub_months,subscription,industry,FinTech,1100,96,1.6250125129300277,1.3162653526943917,1.984418409324113,1.8271342427446366,0.4760824942575166,Poisson LR,0.832944544270705
subscription_ends_per_100_sub_months,subscription,industry,HealthTech,949,96,1.7700723294442626,1.433764269796032,2.1615612731811997,1.8271342427446366,0.4760824942575166,Poisson LR,0.832944544270705
subscription_ends_per_100_sub_months,subscription,country,AU,312,35,2.0459237564816593,1.4250608591832057,2.845384677926764,1.8271342427446366,0.009649477110028601,Poisson LR,0.09408240182277885
subscription_ends_per_100_sub_months,subscription,country,CA,217,21,1.8462421651598742,1.142852999127174,2.822177267395049,1.8271342427446366,0.009649477110028601,Poisson LR,0.09408240182277885
subscription_ends_per_100_sub_months,subscription,country,DE,211,20,1.3531085376425347,0.8265138475643657,2.0897663927019003,1.8271342427446366,0.009649477110028601,Poisson LR,0.09408240182277885
subscription_ends_per_100_sub_months,subscription,country,FR,211,25,2.4422681901338383,1.5805072014099726,3.605269629757616,1.8271342427446366,0.009649477110028601,Poisson LR,0.09408240182277885
subscription_ends_per_100_sub_months,subscription,country,IN,498,33,1.080133237267722,0.7435140204210733,1.5169086543792374,1.8271342427446366,0.009649477110028601,Poisson LR,0.09408240182277885
subscription_ends_per_100_sub_months,subscription,country,UK,590,64,2.0942633525414984,1.6128379722317039,2.6743275470568904,1.8271342427446366,0.009649477110028601,Poisson LR,0.09408240182277885
subscription_ends_per_100_sub_months,subscription,country,US,2961,288,1.9024965112216041,1.689095527346497,2.1353950896295686,1.8271342427446366,0.009649477110028601,Poisson LR,0.09408240182277885
subscription_ends_per_100_sub_months,subscription,referral_source,ads,1000,99,1.7425142688617872,1.416229613526113,2.121448598694649,1.8271342427446366,0.06320838410840265,Poisson LR,0.32016396661032964
subscription_ends_per_100_sub_months,subscription,referral_source,event,917,92,1.909699726528135,1.5394875122401586,2.342077187255608,1.8271342427446366,0.06320838410840265,Poisson LR,0.32016396661032964
subscription_ends_per_100_sub_months,subscription,referral_source,organic,1170,127,2.2512550449311908,1.8767698977546095,2.678566386340074,1.8271342427446366,0.06320838410840265,Poisson LR,0.32016396661032964
subscription_ends_per_100_sub_months,subscription,referral_source,other,1027,91,1.6853338647260692,1.3569256981738724,2.0692165254657318,1.8271342427446366,0.06320838410840265,Poisson LR,0.32016396661032964
subscription_ends_per_100_sub_months,subscription,referral_source,partner,886,77,1.5219639459448928,1.2011101452810333,1.9021937970222225,1.8271342427446366,0.06320838410840265,Poisson LR,0.32016396661032964
subscription_ends_per_100_sub_months,subscription,start_half,2023H1,137,17,0.6576229935310041,0.38308962789760426,1.0529181175846847,1.8271342427446366,2.5116579068911218e-54,Poisson LR,4.897732918437688e-53
subscription_ends_per_100_sub_months,subscription,start_half,2023H2,529,68,0.9426164180803825,0.7319785320086285,1.1949909181653875,1.8271342427446366,2.5116579068911218e-54,Poisson LR,4.897732918437688e-53
subscription_ends_per_100_sub_months,subscription,start_half,2024H1,1158,103,1.074729951629546,0.8772294197158138,1.3034226296143083,1.8271342427446366,2.5116579068911218e-54,Poisson LR,4.897732918437688e-53
subscription_ends_per_100_sub_months,subscription,start_half,2024H2,3176,298,4.1295989400982505,3.6739940733283696,4.626092199016897,1.8271342427446366,2.5116579068911218e-54,Poisson LR,4.897732918437688e-53
