outcome,variable,mean_outcome,mean_other,median_outcome,median_other,smd,mwu_p,n_outcome,n_other,q_value_bh
churn_flag,seats,19.236363636363638,20.933333333333334,13.5,15.0,-0.08418776402265354,0.6919178580020775,110,390,0.8980932093598483
churn_flag,tenure_years,1.0203223197063032,0.9046771617613507,1.0417522245037647,0.8268309377138946,0.19958056486478595,0.05854795482564179,110,390,0.8980932093598483
churn_flag,subs_total,10.290909090909091,9.917948717948718,10.0,10.0,0.11563097690791528,0.2920287341872929,110,390,0.8980932093598483
churn_flag,sub_mrr_median,1222.0681818181818,1375.0128205128206,834.0,931.0,-0.08953298372611505,0.2031811747028558,110,390,0.8980932093598483
churn_flag,sub_trial_share,0.16429669796226223,0.15627300341160785,0.16666666666666666,0.14285714285714285,0.06892022953050947,0.326242669011804,110,390,0.8980932093598483
churn_flag,sub_autorenew_share,0.8027013895586227,0.80003410289401,0.8,0.8153409090909092,0.018971211245201854,0.8550079716342807,110,390,0.8980932093598483
churn_flag,usage_count,522.0363636363636,495.1307692307692,527.5,491.0,0.15404384511123814,0.20585894382071646,110,390,0.8980932093598483
churn_flag,usage_per_year,1218.5654635250055,1770.2306398758394,538.464087872559,568.4647082823337,-0.09606935460104968,0.2741554752837263,110,390,0.8980932093598483
churn_flag,usage_errors,28.154545454545456,28.23076923076923,28.5,27.0,-0.006434056409637606,0.7953437679377273,110,390,0.8980932093598483
churn_flag,usage_error_rate,0.053858220294555975,0.057218910943663076,0.053698969009962974,0.05498051713287182,-0.22228767992853243,0.1152283282972941,110,390,0.8980932093598483
churn_flag,usage_features,28.336363636363636,27.412820512820513,29.0,28.0,0.16920979146550474,0.21658723589339746,110,390,0.8980932093598483
churn_flag,usage_active_days,50.10909090909091,47.68974358974359,51.0,48.0,0.14936036413618747,0.2303201478954061,110,390,0.8980932093598483
churn_flag,tickets,3.9272727272727272,4.02051282051282,3.5,4.0,-0.04745563360641147,0.34185440027435166,110,390,0.8980932093598483
churn_flag,tickets_per_year,12.394441203179529,16.86908361430867,3.9218951761667586,4.5895338280571565,-0.06633209860521579,0.045995635557510094,110,390,0.8980932093598483
churn_flag,ticket_resolution_h,35.4854828042328,36.45030560440717,35.45,36.0,-0.08213932802556613,0.7167861952966362,108,384,0.8980932093598483
churn_flag,ticket_first_response_min,84.92694738389183,89.58191588504089,83.625,89.70833333333334,-0.16739299310731864,0.10296049629654055,108,384,0.8980932093598483
churn_flag,ticket_escalations,0.21818181818181817,0.18205128205128204,0.0,0.0,0.08511923635575624,0.39889357599163366,110,390,0.8980932093598483
churn_flag,csat_mean,4.002591036414566,3.953394819466248,4.0,4.0,0.0867214090378149,0.5403207411732884,102,364,0.8980932093598483
churn_flag,csat_no_response_share,0.3950139623750735,0.402136412487975,0.4,0.4,-0.025712846567394445,0.8373126189122283,108,384,0.8980932093598483
churn_flag,active_mrr_proxy_eop,18846.845454545455,20734.5,15980.0,17363.5,-0.12756025792666587,0.48641196192238767,110,390,0.8980932093598483
has_churn_event,seats,20.667613636363637,20.304054054054053,15.0,14.5,0.01703585956694738,0.44409152251434314,352,148,0.8980932093598483
has_churn_event,tenure_years,0.9301614709725592,0.930018314001887,0.8829568788501028,0.836413415468857,0.0002432148633904894,0.9338014448966865,352,148,0.9338014448966865
has_churn_event,subs_total,10.022727272727273,9.945945945945946,10.0,10.0,0.023767811874750397,0.7026694350264397,352,148,0.8980932093598483
has_churn_event,sub_mrr_median,1403.565340909091,1193.429054054054,878.0,931.0,0.12267082682909154,0.4138764127724819,352,148,0.8980932093598483
has_churn_event,sub_trial_share,0.15528732529715414,0.16458087568768684,0.14285714285714285,0.15384615384615385,-0.07763217036947942,0.46282029149110315,352,148,0.8980932093598483
has_churn_event,sub_autorenew_share,0.8018058763908442,0.797802597909022,0.80625,0.80625,0.02858155538757077,0.8501490025051079,352,148,0.8980932093598483
has_churn_event,usage_count,503.43465909090907,495.3783783783784,499.5,495.5,0.04714558718730615,0.6866178044728035,352,148,0.8980932093598483
has_churn_event,usage_per_year,1556.2591469437757,1869.1143973994515,545.0456713630963,574.724133024552,-0.045595792330677246,0.6729565788393248,352,148,0.8980932093598483
has_churn_event,usage_errors,28.392045454545453,27.79054054054054,28.0,27.0,0.05023072968280255,0.470255403324502,352,148,0.8980932093598483
has_churn_event,usage_error_rate,0.05632496264662761,0.05684724762714077,0.05468558845118669,0.05426438111263014,-0.03234936362489883,0.8733972364985921,352,148,0.8980932093598483
has_churn_event,usage_features,27.761363636363637,27.27027027027027,29.0,28.0,0.08773039988016099,0.19641732161581138,352,148,0.8980932093598483
has_churn_event,usage_active_days,48.44602272727273,47.689189189189186,48.0,48.0,0.04764400693824788,0.6701691414347041,352,148,0.8980932093598483
has_churn_event,tickets,3.9630681818181817,4.087837837837838,4.0,4.0,-0.06415819831936483,0.6245949490959579,352,148,0.8980932093598483
has_churn_event,tickets_per_year,14.183579940384828,19.930479749423455,4.233972034171503,4.677673080302231,-0.07131577980146434,0.806888279934765,352,148,0.8980932093598483
has_churn_event,ticket_resolution_h,36.235070133196935,36.2467597153804,35.666666666666664,36.0,-0.000989357954780807,0.8756408791258521,347,145,0.8980932093598483
has_churn_event,ticket_first_response_min,88.77702685562916,88.0409496442255,88.6,84.5,0.02580546714456413,0.7829837263984761,347,145,0.8980932093598483
has_churn_event,ticket_escalations,0.20170454545454544,0.16216216216216217,0.0,0.0,0.09445952348748972,0.21608111471249325,352,148,0.8980932093598483
has_churn_event,csat_mean,3.961637806637807,3.9702906162464977,4.0,4.0,-0.015280634497271836,0.8278463514886745,330,136,0.8980932093598483
has_churn_event,csat_no_response_share,0.4034517675728051,0.3936836343732895,0.4,0.4,0.03568375031587522,0.5348808153322827,347,145,0.8980932093598483
has_churn_event,active_mrr_proxy_eop,20283.715909090908,20403.64864864865,17170.5,16034.0,-0.00746651308544834,0.625404709346058,352,148,0.8980932093598483
