account_id,usage_before_signup,ticket_before_signup,multiple_plan_overlap,churn_flag_event_end_mismatch,non_auto_renew_zero_mrr_only
A-2e4581,True,True,True,True,False
A-43a9e3,True,True,True,True,False
A-0a282f,True,True,True,True,False
A-1f0ac7,True,True,True,True,False
A-ce550d,True,True,True,False,False
A-1b9609,True,True,True,True,False
A-a0ca4e,True,True,True,False,False
A-e5d6ab,True,False,True,True,False
A-7dacce,True,True,True,True,False
A-10b8da,True,True,True,True,False
A-592832,True,True,True,False,False
A-d40bf7,True,True,True,False,False
A-6c093d,True,True,True,True,False
A-462d45,True,True,True,True,False
A-956988,True,True,True,True,False
A-ac14bb,True,False,True,True,False
A-463db0,True,True,True,True,False
A-ce66f8,True,True,True,False,False
A-c4ea60,True,True,True,True,False
A-832ec2,True,False,True,True,False
A-684255,True,True,True,True,False
A-c42f1f,True,True,True,True,False
A-4e44e8,True,True,True,False,False
A-30b4ca,True,True,True,True,False
A-9f2731,True,False,True,True,False
A-32fb14,True,False,True,False,False
A-00cac8,True,True,True,False,True
A-35083d,True,False,True,True,False
A-eb7fac,True,True,True,True,False
A-b20d99,True,True,True,True,False
A-396e5f,True,True,True,True,False
A-45ce7a,True,True,True,True,False
A-08e34e,True,True,True,True,False
A-8145a0,True,True,True,True,True
A-bad8c1,True,False,True,True,False
A-44dc83,True,True,True,True,False
A-f446b6,True,False,True,True,False
A-a45270,True,True,True,True,False
A-854864,True,True,True,True,False
A-1b7577,True,True,True,True,False
A-05f0e5,True,True,True,True,False
A-9077b0,True,True,True,True,False
A-7f8241,True,False,True,True,False
A-2bc93d,True,False,True,True,False
A-f3ff05,True,True,True,True,True
A-2d4502,True,True,True,True,False
A-6a4e2d,True,False,True,True,False
A-eb7c38,True,True,True,True,False
A-c37601,True,True,True,True,False
A-3b5cd1,True,True,True,True,False
A-b2225d,True,False,True,True,False
A-94f8c9,True,True,True,True,False
A-02fac6,True,True,True,True,False
A-c1dfe1,True,True,True,True,False
A-32728c,False,False,True,False,False
A-4c38bc,True,True,True,True,False
A-1b707d,True,False,True,True,False
A-6f8ad2,True,True,True,True,False
A-4d1e75,True,True,True,True,False
A-9ee962,True,False,True,False,False
A-378b99,True,True,True,True,False
A-94d3da,True,True,True,True,False
A-e351e1,True,True,True,True,True
A-9badbd,True,True,True,True,False
A-7e0a10,True,True,True,True,False
A-118d55,True,True,True,True,False
A-526d93,True,True,True,True,False
A-f92792,True,True,True,True,False
A-84ebe4,True,False,True,False,False
A-5b4ebb,True,True,True,True,False
A-2922b6,True,True,True,True,False
A-9b9fe9,True,True,True,True,False
A-a8b49c,True,True,True,True,False
A-9174e0,True,True,True,True,False
A-a1bbb6,True,False,True,True,False
A-c45b23,True,False,True,True,False
A-02cd81,True,True,True,True,False
A-ee42db,True,True,True,True,False
A-432483,True,False,True,True,False
A-9208f0,True,True,True,False,True
A-98a59a,True,True,True,True,False
A-fe79a5,True,True,True,True,False
A-726cfa,True,False,True,True,False
A-c43359,True,True,True,True,False
A-271f46,False,False,True,True,False
A-157070,True,True,True,True,False
A-40a557,True,True,True,True,False
A-66224b,True,True,True,True,False
A-91e948,False,False,True,False,False
A-104f1a,True,True,True,True,False
A-7988d1,True,True,True,True,False
A-faa28c,True,True,True,True,False
A-f25509,True,True,True,True,True
A-3a7284,True,True,True,True,False
A-3a5ad8,True,True,True,False,False
A-65a46c,True,True,True,True,False
A-8b25f2,True,True,True,True,False
A-fabe19,True,True,False,True,False
A-adc1f3,True,True,True,True,False
A-503d5a,True,True,True,True,False
A-fd7ad3,True,True,True,True,False
A-186a44,True,True,True,True,False
A-e888d1,True,False,True,True,False
A-69fad4,True,False,True,False,False
A-9289f6,True,False,True,True,False
A-f19409,True,True,True,False,False
A-22f2df,True,True,True,False,False
A-039727,True,False,True,True,False
A-2e3bad,True,True,True,True,False
A-484819,True,True,True,True,False
A-425e76,True,True,True,False,False
A-e83938,True,True,True,True,False
A-ad296b,True,True,True,True,False
A-e51ec7,True,True,True,True,False
A-0aaf6e,True,True,True,True,False
A-e61e98,True,True,True,True,False
A-92a333,True,False,True,False,False
A-95b24a,True,False,True,True,False
A-42e5e1,True,True,True,False,False
A-7d514c,True,False,True,True,False
A-65aeb5,True,True,True,True,False
A-e2cd1b,True,True,True,False,False
A-180abf,True,False,True,False,False
A-f17767,True,False,True,False,False
A-5a184f,True,False,True,False,False
A-7df7a7,True,False,True,False,False
A-1ac5e0,True,True,True,True,False
A-52dd88,True,False,True,False,False
A-bece89,True,True,True,True,False
A-029f69,True,True,True,True,False
A-5c046d,True,True,True,False,False
A-fb186e,True,True,True,False,True
A-ae052e,True,True,True,True,False
A-9f9299,True,True,True,True,False
A-96e141,True,True,True,True,False
A-117171,True,True,True,False,False
A-313be3,True,True,True,True,False
A-671f31,True,True,True,False,False
A-bbc346,True,True,True,True,False
A-c16101,True,True,True,True,False
A-50f3f7,True,True,True,True,True
A-7da956,True,True,True,True,False
A-019782,True,False,True,True,False
A-df10db,True,False,True,True,False
A-3932db,True,True,True,True,False
A-4f18f0,True,True,True,True,False
A-4c6f11,True,True,True,True,False
A-8ae05d,True,True,True,True,False
A-b78bf8,True,True,True,True,False
A-eafc6e,True,False,True,True,False
A-37f969,True,True,True,True,False
A-10b8f2,False,False,True,True,False
A-439b2f,True,True,True,False,False
A-544d0a,True,True,True,False,False
A-ba6516,True,True,True,True,False
A-712426,True,True,True,True,False
A-038089,True,True,True,True,False
A-afa505,True,True,True,True,False
A-d5a319,True,False,True,True,False
A-f97b9a,True,True,True,False,False
A-2f6a32,True,True,True,True,False
A-856b1e,True,True,True,False,False
A-17939a,True,True,True,True,False
A-d27f50,True,True,True,True,False
A-e36807,True,False,True,True,False
A-ff79f2,True,True,True,True,False
A-5b1bcd,True,False,True,True,False
A-71615e,True,True,True,True,False
A-794a0b,True,False,True,True,False
A-86902e,True,True,True,True,False
A-0532a9,True,True,True,True,False
A-9779ad,True,True,True,True,False
A-f45426,True,True,True,True,False
A-c1e51e,True,True,True,True,False
A-fa3095,True,True,True,True,False
A-ad64c6,True,False,True,True,False
A-39b19f,True,False,True,True,False
A-56962b,True,True,True,True,True
A-e60f9d,True,True,True,True,False
A-88c6ca,True,True,True,True,False
A-158f4e,True,True,True,True,False
A-5b051a,True,True,True,True,False
A-296d7c,True,True,True,True,False
A-1619f8,True,True,True,True,False
A-a1b80b,True,True,True,True,False
A-139c3b,True,True,True,True,False
A-702032,True,True,True,True,False
A-7a0d69,True,True,True,True,True
A-22d9d2,True,True,True,True,False
A-b9eed8,True,True,True,True,False
A-dfbd31,True,True,True,True,False
A-8e47ca,True,True,True,True,False
A-4437e4,True,True,True,True,False
A-779e4e,False,False,True,True,False
A-53f4e3,True,True,True,True,False
A-692f18,True,False,True,False,False
A-13466a,True,True,False,False,False
A-1986ca,True,False,False,False,False
A-0cc442,True,True,True,True,False
A-c608c8,True,False,True,False,False
A-3be56b,True,True,True,False,False
A-354f12,True,True,True,True,False
A-68f37c,True,True,True,True,False
A-aa9511,True,True,True,True,False
A-af0cd2,False,False,True,True,False
A-bd4513,True,True,True,True,False
A-c222ab,True,False,True,False,False
A-34d880,True,True,True,True,False
A-508199,True,False,True,False,False
A-f03140,True,True,True,True,False
A-410e86,True,True,True,True,False
A-fa2041,True,True,True,True,False
A-de58ca,True,False,True,True,False
A-05d3b3,True,False,True,True,False
A-249769,True,False,True,True,False
A-e43bf7,True,False,True,True,False
A-eb2fdc,True,True,True,False,False
A-e1462e,True,False,True,True,False
A-cab532,True,False,True,True,False
A-9123ac,True,True,True,True,False
A-6e08f3,True,False,True,True,False
A-d922bf,True,True,True,False,False
A-8ed5dd,True,True,True,False,False
A-7c6b6b,True,True,True,True,False
A-3c1a3f,True,True,True,True,False
A-b48f73,True,True,True,False,False
A-76fa4d,True,True,True,True,False
A-b2af2e,True,True,True,True,False
A-9bfc9f,True,True,True,True,False
A-4ae22a,True,True,True,False,False
A-fda07f,True,True,True,True,False
A-de24d5,True,True,True,True,False
A-977ca0,True,False,True,True,False
A-ab438f,True,True,True,False,False
A-e89151,True,False,True,True,False
A-40906c,True,False,True,False,False
A-81edc3,True,True,True,True,False
A-328bd0,True,False,True,True,False
A-b3fe05,True,True,True,True,True
A-09540c,True,True,True,True,False
A-e693b6,True,False,True,False,False
A-2446e3,True,False,True,True,False
A-241e75,True,True,True,True,False
A-922109,True,True,True,True,False
A-ff3c73,False,False,True,True,False
A-8b0451,True,True,True,True,False
A-331424,True,True,True,True,False
A-51ec1b,True,True,True,True,False
A-bcf664,True,True,True,True,False
A-90a8c8,True,True,True,True,False
A-86cdb4,True,True,True,True,False
A-4bfa33,True,True,True,True,False
A-dbc825,True,True,True,True,False
A-c70870,True,True,True,True,False
A-7c4956,True,False,True,True,False
A-0651a4,True,True,True,True,False
A-3ce5b8,True,True,True,True,False
A-bd4708,True,True,True,False,False
A-993085,True,False,True,True,False
A-92a3af,True,True,True,False,False
A-151c9a,True,False,True,True,False
A-474ad4,True,True,True,True,False
A-4ef964,True,True,True,True,False
A-fd9422,True,True,True,True,True
A-0baac2,True,True,True,False,False
A-bb1486,True,True,True,True,False
A-560d27,True,True,True,True,False
A-0b0d6d,True,True,True,True,False
A-2789e3,True,True,True,False,False
A-b07346,True,True,True,True,False
A-902ef7,True,True,True,True,False
A-20736a,True,True,True,True,False
A-e4bf56,True,True,True,True,False
A-cea1f0,True,True,True,True,False
A-ef84cf,True,True,True,True,False
A-d49cc5,True,False,True,True,False
A-67be94,True,True,True,True,False
A-4e960a,True,True,True,True,True
A-c37cab,True,True,True,True,False
A-533452,True,True,True,True,False
A-443b7c,True,True,True,True,False
A-1f7acb,True,True,True,False,False
A-f51f16,True,True,True,True,False
A-5a3eb9,True,True,True,True,False
A-5f2961,True,True,True,True,False
A-417d2f,True,True,True,True,False
A-e98302,True,True,True,True,False
A-8bde0c,True,True,True,True,False
A-bcf87c,True,True,True,True,False
A-54ecc2,True,True,True,True,False
A-625d0b,True,True,True,True,False
A-fce879,True,True,True,True,False
A-b07b56,True,True,True,False,False
A-6da850,True,True,True,True,False
A-342303,True,True,True,True,False
A-e7a1e2,True,True,True,True,False
A-f1f639,True,False,True,True,False
A-a865bd,True,False,True,True,False
A-4e631b,True,True,True,False,False
A-7f6b86,True,True,True,False,False
A-8adedc,True,True,True,True,False
A-2edab2,True,True,True,True,False
A-149a69,True,True,True,True,False
A-a6d261,True,True,True,True,False
A-443f6f,True,True,True,True,False
A-202b67,True,True,True,True,False
A-00bed1,True,True,True,True,False
A-ffc04f,True,True,True,True,False
A-65c341,True,True,True,True,False
A-dcc2f0,True,True,True,True,False
A-ced9aa,True,True,True,True,False
A-3d957b,True,True,True,True,False
A-89ee83,True,True,True,True,False
A-883b7d,True,True,True,True,False
A-dcc3f1,True,True,True,True,False
A-c62e55,True,False,True,False,False
A-e4144b,True,True,True,False,False
A-e40f45,True,True,True,True,False
A-96215d,True,True,True,False,False
A-2b9d3e,True,False,True,False,False
A-b7724f,True,False,False,True,False
A-310452,True,True,True,True,True
A-eb1312,True,True,True,True,False
A-df1e44,True,True,True,True,False
A-6a7c9d,True,True,True,False,False
A-cbd1a3,True,True,True,True,False
A-a8d89d,True,True,True,True,False
A-600734,True,True,True,True,False
A-86fc1d,True,True,True,True,False
A-78f02b,True,True,True,True,False
A-acb7f7,True,True,True,True,True
A-712f1c,True,True,True,False,False
A-3793ee,True,False,True,True,False
A-9a532a,True,True,True,False,False
A-2ebb4b,True,False,True,True,False
A-6843f2,True,True,True,False,False
A-c9bb3e,True,True,True,True,False
A-4814a3,True,True,True,False,False
A-b7b7b7,True,True,True,True,False
A-ccc747,True,True,True,False,False
A-bb3bd4,True,True,True,True,False
A-09316c,True,True,True,True,True
A-96bbc6,True,True,True,True,False
A-bc4d48,True,True,True,False,False
A-b30291,True,True,True,False,False
A-cdf020,True,True,True,True,False
A-e6afc1,True,False,True,False,False
A-e3bd71,True,False,True,True,False
A-b179bf,True,True,True,True,False
A-098560,True,True,True,False,False
A-82861f,True,True,True,True,False
A-94c3cd,True,True,True,False,False
A-a33200,True,True,True,True,False
A-034368,True,True,True,True,False
A-b54c01,True,True,True,True,False
A-d82ef9,True,True,True,False,False
A-bb2f49,True,True,True,True,False
A-1f559b,True,True,True,False,False
A-5a215a,True,True,True,True,False
A-3f9cc0,True,True,True,True,False
A-f9cc74,True,True,True,True,False
A-ed510f,False,False,True,True,False
A-5c9849,True,True,True,True,False
A-a7bd4b,True,False,True,True,False
A-d4ac0e,True,True,True,True,False
A-ffdfd5,True,False,True,False,False
A-0dbdc6,True,False,True,True,False
A-7cfe77,True,True,True,True,False
A-1f0636,True,False,True,True,False
A-40de06,True,True,True,True,False
A-cb5333,True,True,True,True,False
A-309e54,True,True,True,True,False
A-6e7827,True,False,True,True,False
A-50bb9f,True,True,True,True,False
A-5fe118,True,True,True,True,False
A-5247b3,True,True,True,True,False
A-f44180,True,False,True,True,True
A-c16cf7,True,True,True,True,False
A-d42431,True,True,True,True,False
A-6965e1,True,True,True,True,False
A-0354fe,True,True,True,True,False
A-0a62f5,True,True,True,True,False
A-f5641b,True,True,True,True,False
A-b44e3e,True,True,True,True,False
A-3b37d9,False,True,True,True,False
A-54d94a,True,False,True,True,False
A-7f29a7,True,True,True,True,False
A-089363,True,False,True,True,False
A-524364,True,True,True,False,False
A-855a48,True,True,True,True,False
A-756192,True,True,True,False,False
A-49b828,True,False,True,False,False
A-c7ffc2,True,False,True,True,False
A-751c58,True,True,True,True,False
A-72799b,True,False,True,False,False
A-812c5b,True,True,True,True,False
A-69b156,True,True,True,True,False
A-075038,True,True,True,True,False
A-940b8b,True,True,True,False,False
A-2d1036,True,True,True,False,False
A-0f6450,True,True,True,True,False
A-9affe6,True,False,True,True,False
A-80eeb6,True,True,True,True,False
A-d4e0d4,True,True,True,True,False
A-c7e58b,True,False,True,False,False
A-016043,True,True,True,True,False
A-bbe56f,True,False,True,False,False
A-7c5768,True,True,True,False,False
A-751bd4,True,True,True,True,False
A-4e0e85,True,False,True,True,False
A-ad3abd,True,False,True,True,False
A-e19ff6,True,True,True,True,False
A-7920cc,True,True,True,False,False
A-5a92e7,True,True,True,True,False
A-fdfc91,True,True,True,True,False
A-1e50e0,True,False,True,False,False
A-1e1b80,True,True,True,True,False
A-659280,True,True,True,True,False
A-f6b2fb,True,True,True,True,False
A-cb6cc6,True,False,True,False,False
A-d62e02,True,True,True,False,False
A-d535f6,True,False,True,True,False
A-39868b,True,True,True,True,False
A-3cc791,True,True,True,True,True
A-337bc1,True,False,True,True,False
A-58b9ff,True,True,True,True,False
A-bf7919,True,True,True,True,False
A-1d5444,True,False,True,True,False
A-0f3e88,True,False,True,False,False
A-7641d3,True,True,True,True,False
A-cd458b,True,True,True,True,False
A-c16b88,True,True,True,True,False
A-59f724,True,False,True,False,False
A-87aa7b,True,True,True,True,False
A-1e6fc3,True,True,True,True,False
A-39ddf4,True,True,True,True,False
A-34ea2f,True,True,True,False,False
A-716841,True,True,True,True,False
A-558c72,True,True,True,True,False
A-b11cd0,True,False,True,True,False
A-cc1d8d,True,True,True,True,False
A-7f4db3,True,False,True,True,False
A-db5e9e,True,True,True,True,False
A-cc102e,True,True,True,True,False
A-82d8a6,True,True,True,True,False
A-dec005,True,True,True,True,False
A-5790f4,True,True,True,True,False
A-7c83a1,True,True,True,True,False
A-297a2d,True,True,True,False,False
A-4c56c9,True,False,True,False,False
A-cbbe12,True,False,True,True,False
A-4a267b,True,True,True,True,False
A-bcbe98,True,True,True,True,False
A-427b69,True,True,True,True,False
A-0be015,True,True,True,True,False
A-054577,True,True,True,True,False
A-bc87bc,True,True,True,True,False
A-0f7d77,True,True,True,True,False
A-e7beab,True,True,True,True,False
A-a09355,True,True,True,True,False
A-31ab9a,True,True,True,True,False
A-0158bb,True,True,True,False,False
A-f19b24,False,False,True,False,False
A-798a3f,True,True,True,False,False
A-42b791,True,True,True,True,False
A-068fc6,True,True,True,True,False
A-6f50ae,True,True,True,True,False
A-a2485e,True,False,True,False,False
A-bb1eaa,True,True,True,True,False
A-cc98bc,True,True,True,True,False
A-d77f4c,True,True,True,True,False
A-ccabf0,True,True,True,True,False
A-700ade,True,True,True,True,False
A-4a4c2d,True,True,True,True,False
A-b7ef83,True,True,True,True,False
A-e08cd3,True,True,True,True,False
A-19b2c8,True,True,True,True,False
A-970c97,True,True,True,True,False
A-6dee43,True,True,True,True,False
A-5ed98d,True,True,True,True,False
A-c58f49,True,True,True,True,False
A-9c18c4,True,True,True,True,False
A-cc8c8f,True,True,True,True,False
A-5f7781,True,True,True,True,True
A-e1b9cd,True,False,True,False,False
A-ac85cd,True,True,True,True,False
A-d792a6,True,False,True,True,True
A-ac9111,True,True,True,True,False
A-18793f,True,True,True,True,False
A-9f0b68,True,True,True,True,False
A-d3c88e,True,True,True,True,False
A-ccb686,True,True,True,True,False
A-118f1c,True,True,True,True,False
A-0e966d,True,True,True,True,False
A-b9f5b1,True,False,True,True,False
A-8ae3fc,True,True,True,True,False
A-55f257,True,True,True,False,False
A-d26ab4,True,True,True,False,True
A-712533,True,True,True,True,False
A-781cc0,True,True,True,True,False
