output,model,metric,before,after_rerun,abs_diff,status
end_to_end_sweep/predictive_permutation_null.csv,account / churn_flag / logistic_l2,observed_oof_auc,0.5380652680652681,0.5380652680652681,0.0,IDENTICAL
end_to_end_sweep/predictive_permutation_null.csv,account / churn_flag / logistic_l2,null_auc_mean,0.4999566433566433,0.4999566433566433,0.0,IDENTICAL
end_to_end_sweep/predictive_permutation_null.csv,account / churn_flag / logistic_l2,permutation_p,0.2178217821782178,0.2178217821782178,0.0,IDENTICAL
end_to_end_sweep/predictive_permutation_null.csv,account / churn_flag / decision_tree_depth4,observed_oof_auc,0.5245571095571095,0.5245571095571095,0.0,IDENTICAL
end_to_end_sweep/predictive_permutation_null.csv,account / churn_flag / decision_tree_depth4,null_auc_mean,0.5014740093240093,0.5014740093240093,0.0,IDENTICAL
end_to_end_sweep/predictive_permutation_null.csv,account / churn_flag / decision_tree_depth4,permutation_p,0.2475247524752475,0.2475247524752475,0.0,IDENTICAL
end_to_end_sweep/predictive_permutation_null.csv,account / churn_flag / gradient_boosting,observed_oof_auc,0.5364568764568765,0.5364568764568765,0.0,IDENTICAL
end_to_end_sweep/predictive_permutation_null.csv,account / churn_flag / gradient_boosting,null_auc_mean,0.5060713286713286,0.5060713286713286,0.0,IDENTICAL
end_to_end_sweep/predictive_permutation_null.csv,account / churn_flag / gradient_boosting,permutation_p,0.2871287128712871,0.2871287128712871,0.0,IDENTICAL
end_to_end_sweep/predictive_permutation_null.csv,account / has_churn_event / logistic_l2,observed_oof_auc,0.4538544226044226,0.4538544226044226,0.0,IDENTICAL
end_to_end_sweep/predictive_permutation_null.csv,account / has_churn_event / logistic_l2,null_auc_mean,0.5054681741400492,0.5054681741400492,0.0,IDENTICAL
end_to_end_sweep/predictive_permutation_null.csv,account / has_churn_event / logistic_l2,permutation_p,0.8811881188118812,0.8811881188118812,0.0,IDENTICAL
end_to_end_sweep/predictive_permutation_null.csv,account / has_churn_event / decision_tree_depth4,observed_oof_auc,0.527430128992629,0.527430128992629,0.0,IDENTICAL
end_to_end_sweep/predictive_permutation_null.csv,account / has_churn_event / decision_tree_depth4,null_auc_mean,0.4973544034090909,0.4973544034090909,0.0,IDENTICAL
end_to_end_sweep/predictive_permutation_null.csv,account / has_churn_event / decision_tree_depth4,permutation_p,0.1881188118811881,0.1881188118811881,0.0,IDENTICAL
end_to_end_sweep/predictive_permutation_null.csv,account / has_churn_event / gradient_boosting,observed_oof_auc,0.4675214987714987,0.4675214987714987,0.0,IDENTICAL
end_to_end_sweep/predictive_permutation_null.csv,account / has_churn_event / gradient_boosting,null_auc_mean,0.4885219594594593,0.4885219594594593,0.0,IDENTICAL
end_to_end_sweep/predictive_permutation_null.csv,account / has_churn_event / gradient_boosting,permutation_p,0.693069306930693,0.693069306930693,0.0,IDENTICAL
end_to_end_sweep/predictive_permutation_null.csv,subscription / subscription_end / logistic_l2,observed_oof_auc,0.5078334254108389,0.5078334254108389,0.0,IDENTICAL
end_to_end_sweep/predictive_permutation_null.csv,subscription / subscription_end / logistic_l2,null_auc_mean,0.4973510350058619,0.4973510350058619,0.0,IDENTICAL
end_to_end_sweep/predictive_permutation_null.csv,subscription / subscription_end / logistic_l2,permutation_p,0.2871287128712871,0.2871287128712871,0.0,IDENTICAL
end_to_end_sweep/predictive_permutation_null.csv,subscription / subscription_end / decision_tree_depth4,observed_oof_auc,0.5180538006129992,0.5180538006129992,0.0,IDENTICAL
end_to_end_sweep/predictive_permutation_null.csv,subscription / subscription_end / decision_tree_depth4,null_auc_mean,0.5027479893372425,0.5027479893372425,0.0,IDENTICAL
end_to_end_sweep/predictive_permutation_null.csv,subscription / subscription_end / decision_tree_depth4,permutation_p,0.1485148514851485,0.1485148514851485,0.0,IDENTICAL
end_to_end_sweep/predictive_permutation_null.csv,subscription / subscription_end / gradient_boosting,observed_oof_auc,0.535432290213711,0.535432290213711,0.0,IDENTICAL
end_to_end_sweep/predictive_permutation_null.csv,subscription / subscription_end / gradient_boosting,null_auc_mean,0.5020517990668264,0.5020517990668264,0.0,IDENTICAL
end_to_end_sweep/predictive_permutation_null.csv,subscription / subscription_end / gradient_boosting,permutation_p,0.0594059405940594,0.0594059405940594,0.0,IDENTICAL
end_to_end_sweep/predictive_test.csv,account / churn_flag / logistic_l2,cv_roc_auc_mean,0.5125485625485625,0.5125485625485625,0.0,IDENTICAL
end_to_end_sweep/predictive_test.csv,account / churn_flag / decision_tree_depth4,cv_roc_auc_mean,0.5077894327894328,0.5077894327894328,0.0,IDENTICAL
end_to_end_sweep/predictive_test.csv,account / churn_flag / gradient_boosting,cv_roc_auc_mean,0.5212121212121212,0.5212121212121212,0.0,IDENTICAL
end_to_end_sweep/predictive_test.csv,account / has_churn_event / logistic_l2,cv_roc_auc_mean,0.4586191786735741,0.4586191786735741,0.0,IDENTICAL
end_to_end_sweep/predictive_test.csv,account / has_churn_event / decision_tree_depth4,cv_roc_auc_mean,0.4935608208638806,0.4935608208638806,0.0,IDENTICAL
end_to_end_sweep/predictive_test.csv,account / has_churn_event / gradient_boosting,cv_roc_auc_mean,0.484102253366945,0.484102253366945,0.0,IDENTICAL
end_to_end_sweep/predictive_test.csv,subscription / subscription_end / logistic_l2,cv_roc_auc_mean,0.499532337041453,0.499532337041453,0.0,IDENTICAL
end_to_end_sweep/predictive_test.csv,subscription / subscription_end / decision_tree_depth4,cv_roc_auc_mean,0.5030475352709219,0.5030475352709219,0.0,IDENTICAL
end_to_end_sweep/predictive_test.csv,subscription / subscription_end / gradient_boosting,cv_roc_auc_mean,0.5255046618720176,0.5255046618720176,0.0,IDENTICAL
unblocked_models/ensemble_tests.csv,subscription / subscription_end / random_forest,oof_auc_5_cv_seeds_mean,0.5030079259587457,0.5030079259587457,0.0,IDENTICAL
unblocked_models/ensemble_tests.csv,subscription / subscription_end / random_forest,null_auc_mean,0.4966648889326485,0.4966648889326485,0.0,IDENTICAL
unblocked_models/ensemble_tests.csv,subscription / subscription_end / random_forest,permutation_p,0.392156862745098,0.392156862745098,0.0,IDENTICAL
unblocked_models/ensemble_tests.csv,subscription / subscription_end / gradient_boosting,oof_auc_5_cv_seeds_mean,0.5148730242081789,0.5148730242081789,0.0,IDENTICAL
unblocked_models/ensemble_tests.csv,subscription / subscription_end / gradient_boosting,null_auc_mean,0.4984119957844911,0.4984119957844911,0.0,IDENTICAL
unblocked_models/ensemble_tests.csv,subscription / subscription_end / gradient_boosting,permutation_p,0.2156862745098039,0.2156862745098039,0.0,IDENTICAL
unblocked_models/ensemble_tests.csv,account / churn_flag / random_forest,oof_auc_5_cv_seeds_mean,0.4900885780885781,0.4900885780885781,0.0,IDENTICAL
unblocked_models/ensemble_tests.csv,account / churn_flag / random_forest,null_auc_mean,0.4911575757575757,0.4911575757575757,0.0,IDENTICAL
unblocked_models/ensemble_tests.csv,account / churn_flag / random_forest,permutation_p,0.6078431372549019,0.6078431372549019,0.0,IDENTICAL
unblocked_models/ensemble_tests.csv,account / churn_flag / gradient_boosting,oof_auc_5_cv_seeds_mean,0.4488158508158508,0.4488158508158508,0.0,IDENTICAL
unblocked_models/ensemble_tests.csv,account / churn_flag / gradient_boosting,null_auc_mean,0.5073846153846153,0.5073846153846153,0.0,IDENTICAL
unblocked_models/ensemble_tests.csv,account / churn_flag / gradient_boosting,permutation_p,0.803921568627451,0.803921568627451,0.0,IDENTICAL
unblocked_models/ensemble_tests.csv,account / has_churn_event / random_forest,oof_auc_5_cv_seeds_mean,0.4576781326781327,0.4576781326781327,0.0,IDENTICAL
unblocked_models/ensemble_tests.csv,account / has_churn_event / random_forest,null_auc_mean,0.4941496468058968,0.4941496468058968,0.0,IDENTICAL
unblocked_models/ensemble_tests.csv,account / has_churn_event / random_forest,permutation_p,0.8627450980392157,0.8627450980392157,0.0,IDENTICAL
unblocked_models/ensemble_tests.csv,account / has_churn_event / gradient_boosting,oof_auc_5_cv_seeds_mean,0.4815148955773956,0.4815148955773956,0.0,IDENTICAL
unblocked_models/ensemble_tests.csv,account / has_churn_event / gradient_boosting,null_auc_mean,0.4979269041769042,0.4979269041769042,0.0,IDENTICAL
unblocked_models/ensemble_tests.csv,account / has_churn_event / gradient_boosting,permutation_p,0.9411764705882352,0.9411764705882352,0.0,IDENTICAL
