dimension,segment,churned,total,churned_over_total,observed_rate,ci95_low,ci95_high,eligible_n_ge_30,verdict
country,DE,8,25,8 / 25,0.32,0.17204987516891143,0.5159008626542329,False,Excluded from the ranking by the pre-defined N>=30 rule
industry,DevTools,35,113,35 / 113,0.30973451327433627,0.23191541688374973,0.40006497366208327,True,OBSERVED — NOT VALIDATED AS HIGHER RISK
acquisition channel,event,29,96,29 / 96,0.3020833333333333,0.2193102457465474,0.40008687929952563,True,OBSERVED — NOT VALIDATED AS HIGHER RISK
signup cohort,2023H1,29,109,29 / 109,0.26605504587155965,0.1920974014994754,0.3559416195707682,True,OBSERVED — NOT VALIDATED AS HIGHER RISK
trial,True,25,97,25 / 97,0.25773195876288657,0.18109470708719705,0.35282780108403383,True,OBSERVED — NOT VALIDATED AS HIGHER RISK
seats,6-15,33,134,33 / 134,0.2462686567164179,0.18106846409287522,0.3256116673043228,True,OBSERVED — NOT VALIDATED AS HIGHER RISK
signup cohort,2023H2,29,118,29 / 118,0.2457627118644068,0.1769108428586466,0.330646510294956,True,OBSERVED — NOT VALIDATED AS HIGHER RISK
acquisition channel,other,25,103,25 / 103,0.24271844660194175,0.17014922730424603,0.3337893134888534,True,OBSERVED — NOT VALIDATED AS HIGHER RISK
acquisition channel,ads,23,98,23 / 98,0.23469387755102042,0.1617836559088351,0.3276194956520202,True,OBSERVED — NOT VALIDATED AS HIGHER RISK
country,US,68,291,68 / 291,0.23367697594501718,0.18871935169501186,0.28557464209690897,True,OBSERVED — NOT VALIDATED AS HIGHER RISK
country,FR,5,22,5 / 22,0.22727272727272727,0.10122890794820358,0.4344035606295935,False,Excluded from the ranking by the pre-defined N>=30 rule
industry,FinTech,25,112,25 / 112,0.22321428571428573,0.15601066350684978,0.3087757344710787,True,OBSERVED — NOT VALIDATED AS HIGHER RISK
seats,16-30,29,130,29 / 130,0.2230769230769231,0.16004839200095863,0.302002270872169,True,OBSERVED — NOT VALIDATED AS HIGHER RISK
plan,Enterprise,34,154,34 / 154,0.22077922077922077,0.16251159892911632,0.29263837420851024,True,OBSERVED — NOT VALIDATED AS HIGHER RISK
plan,Basic,37,168,37 / 168,0.22023809523809523,0.16421635802623952,0.2887682510556126,True,OBSERVED — NOT VALIDATED AS HIGHER RISK
plan,Pro,39,178,39 / 178,0.21910112359550563,0.16462184371007865,0.2854489871669044,True,OBSERVED — NOT VALIDATED AS HIGHER RISK
industry,HealthTech,21,96,21 / 96,0.21875,0.14776236248775232,0.3113809204724567,True,OBSERVED — NOT VALIDATED AS HIGHER RISK
signup cohort,2024H1,26,121,26 / 121,0.21487603305785125,0.15106665784733153,0.2962329602286944,True,OBSERVED — NOT VALIDATED AS HIGHER RISK
trial,False,85,403,85 / 403,0.2109181141439206,0.17391137147168917,0.2533841656611901,True,OBSERVED — NOT VALIDATED AS HIGHER RISK
seats,1-5,26,126,26 / 126,0.20634920634920634,0.14488830948972267,0.2851864893420847,True,OBSERVED — NOT VALIDATED AS HIGHER RISK
country,IN,10,49,10 / 49,0.20408163265306123,0.11481727042813811,0.33637270110943834,True,OBSERVED — NOT VALIDATED AS HIGHER RISK
seats,31+,22,110,22 / 110,0.2,0.13595004455478174,0.2842970355986948,True,OBSERVED — NOT VALIDATED AS HIGHER RISK
country,UK,11,58,11 / 58,0.1896551724137931,0.10934140042567436,0.3085261838541631,True,OBSERVED — NOT VALIDATED AS HIGHER RISK
acquisition channel,organic,20,114,20 / 114,0.17543859649122806,0.11653670199867364,0.25550169530754085,True,OBSERVED — NOT VALIDATED AS HIGHER RISK
country,CA,4,23,4 / 23,0.17391304347826086,0.06978540350612772,0.37138054785295666,False,Excluded from the ranking by the pre-defined N>=30 rule
signup cohort,2024H2,26,152,26 / 152,0.17105263157894737,0.11948678476560781,0.23883602506180673,True,OBSERVED — NOT VALIDATED AS HIGHER RISK
industry,EdTech,13,79,13 / 79,0.16455696202531644,0.09876613959277634,0.26145867499313213,True,OBSERVED — NOT VALIDATED AS HIGHER RISK
industry,Cybersecurity,16,100,16 / 100,0.16,0.10095202349473717,0.24420444558894414,True,OBSERVED — NOT VALIDATED AS HIGHER RISK
acquisition channel,partner,13,89,13 / 89,0.14606741573033707,0.08739377564182575,0.2340311028609144,True,OBSERVED — NOT VALIDATED AS HIGHER RISK
country,AU,4,32,4 / 32,0.125,0.04970053844474301,0.2806864978482796,True,OBSERVED — NOT VALIDATED AS HIGHER RISK
