account_id,subscriptions,active_at_obs_end,ended_subscriptions,zero_active_spells,zero_active_days,zero_at_obs_end,all_subscriptions_ended,churn_flag,has_churn_event,n_churn_events
A-00bed1,10,10,0,0,0,False,False,False,True,1
A-00cac8,9,9,0,0,0,False,False,False,False,0
A-0158bb,6,6,0,0,0,False,False,False,False,0
A-016043,11,10,1,0,0,False,False,False,True,1
A-019782,9,8,1,0,0,False,False,False,False,0
A-029f69,16,13,3,0,0,False,False,False,True,3
A-02cd81,14,13,1,0,0,False,False,False,True,1
A-02fac6,11,11,0,0,0,False,False,False,True,1
A-034368,5,5,0,0,0,False,False,False,True,1
A-0354fe,7,6,1,0,0,False,False,False,True,2
A-038089,3,3,0,0,0,False,False,True,True,2
A-039727,15,14,1,0,0,False,False,False,True,1
A-0532a9,10,10,0,0,0,False,False,False,True,1
A-054577,16,15,1,0,0,False,False,False,False,0
A-05d3b3,13,12,1,0,0,False,False,False,True,2
A-05f0e5,12,12,0,0,0,False,False,False,True,2
A-0651a4,15,14,1,0,0,False,False,False,True,2
A-068fc6,10,9,1,0,0,False,False,False,False,0
A-075038,14,14,0,0,0,False,False,False,True,1
A-089363,14,12,2,0,0,False,False,False,True,1
A-08e34e,11,11,0,0,0,False,False,True,True,2
A-09316c,11,11,0,0,0,False,False,False,True,1
A-09540c,6,5,1,0,0,False,False,False,True,1
A-098560,11,10,1,0,0,False,False,True,True,2
A-0a282f,15,12,3,1,3,False,False,False,True,2
A-0a62f5,4,4,0,0,0,False,False,False,True,5
A-0aaf6e,9,8,1,0,0,False,False,False,False,0
A-0b0d6d,13,11,2,0,0,False,False,False,True,1
A-0baac2,6,4,2,1,31,False,False,True,True,4
A-0be015,5,4,1,0,0,False,False,False,True,1
A-0cc442,13,11,2,0,0,False,False,False,True,4
A-0dbdc6,9,9,0,0,0,False,False,True,True,2
A-0e966d,11,10,1,0,0,False,False,True,False,0
A-0f3e88,11,10,1,0,0,False,False,True,True,1
A-0f6450,11,11,0,0,0,False,False,True,True,2
A-0f7d77,6,5,1,0,0,False,False,False,True,1
A-104f1a,8,7,1,0,0,False,False,False,True,3
A-10b8da,6,5,1,0,0,False,False,True,False,0
A-10b8f2,12,12,0,0,0,False,False,False,True,1
A-117171,5,4,1,0,0,False,False,True,True,3
A-118d55,12,11,1,0,0,False,False,False,True,2
A-118f1c,8,6,2,0,0,False,False,False,True,1
A-13466a,6,2,4,0,0,False,False,True,True,2
A-139c3b,8,6,2,0,0,False,False,True,False,0
A-149a69,3,3,0,0,0,False,False,False,True,1
A-151c9a,5,5,0,0,0,False,False,False,True,1
A-157070,16,12,4,0,0,False,False,False,True,2
A-158f4e,12,11,1,0,0,False,False,False,True,2
A-1619f8,7,7,0,0,0,False,False,False,True,3
A-17939a,11,9,2,0,0,False,False,False,False,0
A-180abf,9,7,2,1,72,False,False,True,True,5
A-186a44,14,13,1,0,0,False,False,False,False,0
A-18793f,11,10,1,0,0,False,False,False,True,1
A-1986ca,7,7,0,0,0,False,False,False,False,0
A-19b2c8,13,13,0,0,0,False,False,False,True,1
A-1ac5e0,10,10,0,0,0,False,False,True,False,0
A-1b707d,8,7,1,0,0,False,False,False,True,1
A-1b7577,11,9,2,0,0,False,False,False,False,0
A-1b9609,11,10,1,0,0,False,False,False,True,3
A-1d5444,14,14,0,0,0,False,False,True,True,1
A-1e1b80,12,12,0,0,0,False,False,False,True,3
A-1e50e0,5,4,1,0,0,False,False,True,True,2
A-1e6fc3,4,3,1,0,0,False,False,False,True,1
A-1f0636,11,10,1,0,0,False,False,False,False,0
A-1f0ac7,7,7,0,0,0,False,False,False,True,1
A-1f559b,10,8,2,0,0,False,False,True,True,1
A-1f7acb,8,8,0,0,0,False,False,False,False,0
A-202b67,9,8,1,0,0,False,False,False,True,2
A-20736a,7,7,0,0,0,False,False,False,True,1
A-22d9d2,14,11,3,0,0,False,False,False,True,1
A-22f2df,9,9,0,0,0,False,False,False,False,0
A-241e75,5,5,0,0,0,False,False,False,True,2
A-2446e3,7,7,0,0,0,False,False,False,True,2
A-249769,13,13,0,0,0,False,False,True,True,2
A-271f46,8,8,0,0,0,False,False,True,True,2
A-2789e3,12,12,0,0,0,False,False,False,False,0
A-2922b6,6,5,1,0,0,False,False,False,True,1
A-296d7c,7,7,0,0,0,False,False,False,True,1
A-297a2d,5,5,0,0,0,False,False,False,False,0
A-2b9d3e,9,9,0,0,0,False,False,False,False,0
A-2bc93d,13,12,1,0,0,False,False,False,True,2
A-2d1036,13,10,3,0,0,False,False,True,True,2
A-2d4502,10,10,0,0,0,False,False,False,True,1
A-2e3bad,10,8,2,0,0,False,False,False,True,1
A-2e4581,10,10,0,0,0,False,False,False,True,2
A-2ebb4b,10,9,1,0,0,False,False,False,True,3
A-2edab2,10,9,1,0,0,False,False,False,True,2
A-2f6a32,11,9,2,0,0,False,False,False,False,0
A-309e54,11,10,1,0,0,False,False,False,True,1
A-30b4ca,8,8,0,0,0,False,False,True,True,1
A-310452,5,5,0,0,0,False,False,False,True,2
A-313be3,11,11,0,0,0,False,False,False,True,2
A-31ab9a,7,7,0,0,0,False,False,False,True,2
A-32728c,8,7,1,0,0,False,False,True,True,3
A-328bd0,13,11,2,0,0,False,False,False,False,0
A-32fb14,9,7,2,0,0,False,False,True,True,3
A-331424,6,5,1,0,0,False,False,False,True,1
A-337bc1,7,7,0,0,0,False,False,False,True,2
A-342303,3,3,0,0,0,False,False,False,True,1
A-34d880,9,8,1,0,0,False,False,False,True,1
A-34ea2f,12,10,2,0,0,False,False,True,True,2
A-35083d,16,15,1,0,0,False,False,True,False,0
A-354f12,4,4,0,0,0,False,False,False,True,1
A-378b99,12,11,1,0,0,False,False,False,True,1
A-3793ee,7,6,1,0,0,False,False,False,True,1
A-37f969,8,8,0,0,0,False,False,False,True,4
A-3932db,9,8,1,0,0,False,False,True,False,0
A-396e5f,10,10,0,0,0,False,False,False,True,1
A-39868b,5,5,0,0,0,False,False,False,True,2
A-39b19f,11,9,2,0,0,False,False,False,True,1
A-39ddf4,9,8,1,0,0,False,False,False,True,1
A-3a5ad8,13,13,0,0,0,False,False,False,False,0
A-3a7284,12,9,3,0,0,False,False,False,True,1
A-3b37d9,7,6,1,0,0,False,False,False,True,2
A-3b5cd1,13,13,0,0,0,False,False,False,True,3
A-3be56b,12,10,2,0,0,False,False,True,True,2
A-3c1a3f,12,10,2,0,0,False,False,False,False,0
A-3cc791,8,8,0,0,0,False,False,False,True,1
A-3ce5b8,9,9,0,0,0,False,False,True,True,1
A-3d957b,6,5,1,0,0,False,False,False,True,1
A-3f9cc0,7,7,0,0,0,False,False,False,True,3
A-40906c,12,12,0,0,0,False,False,False,False,0
A-40a557,9,8,1,1,27,False,False,False,True,1
A-40de06,16,14,2,0,0,False,False,True,False,0
A-410e86,7,5,2,1,7,False,False,False,False,0
A-417d2f,16,15,1,0,0,False,False,False,True,1
A-425e76,11,10,1,0,0,False,False,True,True,4
A-427b69,10,9,1,0,0,False,False,False,False,0
A-42b791,7,6,1,0,0,False,False,False,False,0
A-42e5e1,7,6,1,0,0,False,False,True,True,1
A-432483,9,6,3,1,6,False,False,False,False,0
A-439b2f,6,5,1,0,0,False,False,True,True,2
A-43a9e3,8,8,0,0,0,False,False,True,False,0
A-4437e4,16,15,1,0,0,False,False,False,True,1
A-443b7c,16,14,2,0,0,False,False,True,False,0
A-443f6f,9,8,1,0,0,False,False,False,False,0
A-44dc83,4,4,0,0,0,False,False,False,True,1
A-45ce7a,7,6,1,0,0,False,False,False,False,0
A-462d45,12,10,2,0,0,False,False,False,True,1
A-463db0,7,7,0,0,0,False,False,False,True,1
A-474ad4,15,13,2,0,0,False,False,False,False,0
A-4814a3,11,10,1,0,0,False,False,True,True,1
A-484819,8,6,2,0,0,False,False,False,True,2
A-49b828,14,14,0,0,0,False,False,False,False,0
A-4a267b,10,8,2,0,0,False,False,False,True,1
A-4a4c2d,13,12,1,0,0,False,False,False,False,0
A-4ae22a,7,6,1,0,0,False,False,True,True,1
A-4bfa33,7,6,1,0,0,False,False,False,True,3
A-4c38bc,16,14,2,0,0,False,False,True,False,0
A-4c56c9,13,10,3,0,0,False,False,True,True,1
A-4c6f11,5,5,0,0,0,False,False,True,True,2
A-4d1e75,13,13,0,0,0,False,False,False,True,1
A-4e0e85,8,8,0,0,0,False,False,False,True,2
A-4e44e8,14,12,2,0,0,False,False,True,True,2
A-4e631b,11,11,0,0,0,False,False,False,False,0
A-4e960a,12,12,0,0,0,False,False,True,False,0
A-4ef964,9,8,1,0,0,False,False,False,True,1
A-4f18f0,12,9,3,0,0,False,False,False,True,2
A-503d5a,12,12,0,0,0,False,False,True,False,0
A-508199,5,5,0,0,0,False,False,False,False,0
A-50bb9f,8,7,1,0,0,False,False,False,True,2
A-50f3f7,15,15,0,0,0,False,False,True,False,0
A-51ec1b,6,4,2,0,0,False,False,False,True,1
A-524364,6,6,0,0,0,False,False,False,False,0
A-5247b3,11,10,1,0,0,False,False,False,True,2
A-526d93,9,8,1,0,0,False,False,False,True,3
A-52dd88,11,11,0,0,0,False,False,False,False,0
A-533452,11,10,1,0,0,False,False,False,True,4
A-53f4e3,10,9,1,0,0,False,False,False,True,1
A-544d0a,10,10,0,0,0,False,False,False,False,0
A-54d94a,11,10,1,0,0,False,False,False,False,0
A-54ecc2,11,11,0,0,0,False,False,False,True,3
A-558c72,7,6,1,0,0,False,False,False,True,1
A-55f257,10,10,0,0,0,False,False,False,False,0
A-560d27,12,11,1,0,0,False,False,False,False,0
A-56962b,7,6,1,0,0,False,False,False,True,2
A-5790f4,6,5,1,0,0,False,False,False,True,3
A-58b9ff,13,12,1,0,0,False,False,False,True,1
A-592832,19,16,3,0,0,False,False,True,True,1
A-59f724,12,12,0,0,0,False,False,False,False,0
A-5a184f,10,9,1,0,0,False,False,True,True,3
A-5a215a,18,12,6,0,0,False,False,False,False,0
A-5a3eb9,13,12,1,0,0,False,False,False,True,3
A-5a92e7,19,17,2,0,0,False,False,False,True,2
A-5b051a,4,3,1,0,0,False,False,False,False,0
A-5b1bcd,15,14,1,0,0,False,False,False,True,1
A-5b4ebb,13,12,1,0,0,False,False,True,False,0
A-5c046d,8,8,0,0,0,False,False,False,False,0
A-5c9849,9,8,1,0,0,False,False,False,True,1
A-5ed98d,8,8,0,0,0,False,False,False,True,2
A-5f2961,7,7,0,0,0,False,False,False,True,1
A-5f7781,5,5,0,0,0,False,False,False,True,1
A-5fe118,5,5,0,0,0,False,False,False,True,1
A-600734,13,11,2,0,0,False,False,True,False,0
A-625d0b,11,10,1,0,0,False,False,False,False,0
A-659280,12,12,0,0,0,False,False,True,True,2
A-65a46c,8,7,1,0,0,False,False,False,False,0
A-65aeb5,12,9,3,0,0,False,False,False,True,2
A-65c341,8,6,2,0,0,False,False,False,True,2
A-66224b,12,11,1,0,0,False,False,False,False,0
A-671f31,6,6,0,0,0,False,False,False,False,0
A-67be94,7,6,1,0,0,False,False,False,True,2
A-684255,14,11,3,0,0,False,False,False,True,2
A-6843f2,9,9,0,0,0,False,False,False,False,0
A-68f37c,12,10,2,0,0,False,False,False,True,4
A-692f18,17,16,1,0,0,False,False,True,True,1
A-6965e1,12,12,0,0,0,False,False,False,True,3
A-69b156,9,7,2,0,0,False,False,True,False,0
A-69fad4,7,5,2,0,0,False,False,True,True,1
A-6a4e2d,11,8,3,0,0,False,False,False,True,1
A-6a7c9d,5,4,1,0,0,False,False,True,True,2
A-6c093d,12,9,3,0,0,False,False,False,False,0
A-6da850,16,13,3,0,0,False,False,False,True,3
A-6dee43,11,10,1,0,0,False,False,False,True,1
A-6e08f3,10,10,0,0,0,False,False,False,True,1
A-6e7827,9,8,1,0,0,False,False,False,True,2
A-6f50ae,14,14,0,0,0,False,False,True,True,2
A-6f8ad2,17,15,2,0,0,False,False,False,False,0
A-700ade,8,6,2,0,0,False,False,False,False,0
A-702032,6,4,2,0,0,False,False,False,True,2
A-712426,15,13,2,0,0,False,False,False,True,3
A-712533,12,12,0,0,0,False,False,False,True,1
A-712f1c,12,11,1,0,0,False,False,True,True,1
A-71615e,13,13,0,0,0,False,False,False,True,1
A-716841,8,8,0,0,0,False,False,False,True,1
A-726cfa,19,17,2,0,0,False,False,False,True,1
A-72799b,10,9,1,0,0,False,False,True,True,1
A-751bd4,2,2,0,0,0,False,False,False,True,1
A-751c58,11,11,0,0,0,False,False,False,True,3
A-756192,10,10,0,0,0,False,False,False,False,0
A-7641d3,11,11,0,0,0,False,False,True,True,2
A-76fa4d,7,5,2,0,0,False,False,False,True,2
A-779e4e,10,8,2,0,0,False,False,False,False,0
A-781cc0,16,14,2,0,0,False,False,False,True,2
A-78f02b,4,4,0,0,0,False,False,False,True,2
A-7920cc,16,16,0,0,0,False,False,False,False,0
A-794a0b,7,7,0,0,0,False,False,False,True,1
A-7988d1,9,8,1,0,0,False,False,False,True,3
A-798a3f,9,7,2,0,0,False,False,True,True,1
A-7a0d69,11,11,0,0,0,False,False,True,True,3
A-7c4956,8,5,3,0,0,False,False,True,False,0
A-7c5768,9,9,0,0,0,False,False,False,False,0
A-7c6b6b,7,5,2,0,0,False,False,False,True,1
A-7c83a1,12,9,3,0,0,False,False,False,True,1
A-7cfe77,5,5,0,0,0,False,False,False,True,2
A-7d514c,9,8,1,0,0,False,False,False,False,0
A-7da956,12,10,2,0,0,False,False,False,False,0
A-7dacce,10,10,0,0,0,False,False,True,True,3
A-7df7a7,15,14,1,0,0,False,False,True,True,1
A-7e0a10,10,10,0,0,0,False,False,False,True,1
A-7f29a7,11,8,3,0,0,False,False,False,True,1
A-7f4db3,15,12,3,0,0,False,False,False,True,1
A-7f6b86,9,8,1,0,0,False,False,True,True,1
A-7f8241,15,15,0,0,0,False,False,True,False,0
A-80eeb6,16,13,3,0,0,False,False,False,True,2
A-812c5b,13,13,0,0,0,False,False,True,True,1
A-8145a0,12,11,1,0,0,False,False,False,True,1
A-81edc3,12,12,0,0,0,False,False,False,True,3
A-82861f,10,7,3,0,0,False,False,False,True,1
A-82d8a6,17,13,4,0,0,False,False,False,True,1
A-832ec2,8,8,0,0,0,False,False,False,True,2
A-84ebe4,11,9,2,0,0,False,False,True,True,2
A-854864,6,5,1,0,0,False,False,False,True,1
A-855a48,8,8,0,0,0,False,False,False,True,1
A-856b1e,6,6,0,0,0,False,False,False,False,0
A-86902e,10,9,1,0,0,False,False,False,True,1
A-86cdb4,9,7,2,0,0,False,False,False,False,0
A-86fc1d,9,7,2,0,0,False,False,False,True,1
A-87aa7b,16,16,0,0,0,False,False,False,True,3
A-883b7d,12,11,1,0,0,False,False,False,False,0
A-88c6ca,7,7,0,0,0,False,False,True,False,0
A-89ee83,11,9,2,0,0,False,False,True,False,0
A-8adedc,14,12,2,1,7,False,False,True,False,0
A-8ae05d,7,6,1,0,0,False,False,False,True,1
A-8ae3fc,8,8,0,0,0,False,False,False,True,1
A-8b0451,10,9,1,0,0,False,False,False,True,1
A-8b25f2,13,11,2,0,0,False,False,True,False,0
A-8bde0c,18,16,2,0,0,False,False,False,True,2
A-8e47ca,9,8,1,0,0,False,False,False,True,3
A-8ed5dd,12,11,1,0,0,False,False,True,True,2
A-902ef7,8,8,0,0,0,False,False,True,True,1
A-9077b0,7,5,2,0,0,False,False,False,False,0
A-90a8c8,7,7,0,0,0,False,False,False,True,1
A-9123ac,7,7,0,0,0,False,False,False,True,2
A-9174e0,15,14,1,0,0,False,False,False,False,0
A-91e948,7,7,0,0,0,False,False,False,False,0
A-9208f0,8,7,1,0,0,False,False,True,True,4
A-922109,13,12,1,0,0,False,False,False,True,2
A-9289f6,12,11,1,0,0,False,False,False,True,1
A-92a333,6,6,0,0,0,False,False,False,False,0
A-92a3af,11,11,0,0,0,False,False,False,False,0
A-940b8b,8,8,0,0,0,False,False,False,False,0
A-94c3cd,6,6,0,0,0,False,False,False,False,0
A-94d3da,12,11,1,0,0,False,False,False,True,1
A-94f8c9,16,15,1,0,0,False,False,False,True,1
A-956988,13,12,1,0,0,False,False,False,True,2
A-95b24a,11,11,0,0,0,False,False,True,False,0
A-96215d,6,6,0,0,0,False,False,False,False,0
A-96bbc6,8,8,0,0,0,False,False,False,True,3
A-96e141,7,6,1,0,0,False,False,False,True,2
A-970c97,8,7,1,0,0,False,False,False,False,0
A-9779ad,10,10,0,0,0,False,False,True,True,3
A-977ca0,16,14,2,0,0,False,False,True,False,0
A-98a59a,10,10,0,0,0,False,False,False,True,1
A-993085,15,14,1,0,0,False,False,False,True,2
A-9a532a,4,4,0,0,0,False,False,False,False,0
A-9affe6,11,9,2,0,0,False,False,False,True,1
A-9b9fe9,12,11,1,0,0,False,False,False,True,2
A-9badbd,13,11,2,0,0,False,False,False,False,0
A-9bfc9f,9,8,1,0,0,False,False,False,False,0
A-9c18c4,10,8,2,0,0,False,False,True,False,0
A-9ee962,9,7,2,0,0,False,False,True,True,1
A-9f0b68,12,12,0,0,0,False,False,False,True,2
A-9f2731,7,7,0,0,0,False,False,False,True,2
A-9f9299,15,12,3,0,0,False,False,False,True,2
A-a09355,16,15,1,0,0,False,False,False,True,2
A-a0ca4e,9,9,0,0,0,False,False,False,False,0
A-a1b80b,16,15,1,0,0,False,False,False,True,1
A-a1bbb6,8,7,1,0,0,False,False,False,False,0
A-a2485e,6,6,0,0,0,False,False,False,False,0
A-a33200,12,11,1,0,0,False,False,False,True,1
A-a45270,12,11,1,0,0,False,False,False,True,1
A-a6d261,14,13,1,0,0,False,False,False,True,1
A-a7bd4b,11,8,3,0,0,False,False,False,True,1
A-a865bd,5,5,0,0,0,False,False,False,True,2
A-a8b49c,12,12,0,0,0,False,False,False,True,1
A-a8d89d,12,12,0,0,0,False,False,False,True,2
A-aa9511,15,13,2,0,0,False,False,False,True,1
A-ab438f,8,5,3,0,0,False,False,True,True,1
A-ac14bb,8,6,2,0,0,False,False,False,True,2
A-ac85cd,12,9,3,0,0,False,False,False,True,2
A-ac9111,16,14,2,0,0,False,False,False,True,1
A-acb7f7,12,12,0,0,0,False,False,False,True,1
A-ad296b,6,5,1,0,0,False,False,False,False,0
A-ad3abd,7,4,3,0,0,False,False,False,True,1
A-ad64c6,6,5,1,0,0,False,False,False,True,2
A-adc1f3,9,8,1,0,0,False,False,False,False,0
A-ae052e,6,3,3,0,0,False,False,False,True,4
A-af0cd2,11,9,2,0,0,False,False,False,True,1
A-afa505,9,8,1,0,0,False,False,False,True,1
A-b07346,5,5,0,0,0,False,False,True,True,1
A-b07b56,15,14,1,0,0,False,False,True,True,1
A-b11cd0,6,4,2,0,0,False,False,True,False,0
A-b179bf,5,5,0,0,0,False,False,False,True,3
A-b20d99,7,7,0,0,0,False,False,False,True,1
A-b2225d,12,12,0,0,0,False,False,True,True,3
A-b2af2e,4,4,0,0,0,False,False,False,True,1
A-b30291,10,9,1,0,0,False,False,True,True,1
A-b3fe05,9,8,1,0,0,False,False,False,False,0
A-b44e3e,7,6,1,0,0,False,False,False,True,1
A-b48f73,7,7,0,0,0,False,False,False,False,0
A-b54c01,4,4,0,0,0,False,False,False,True,1
A-b7724f,8,5,3,0,0,False,False,False,True,3
A-b78bf8,8,8,0,0,0,False,False,False,True,1
A-b7b7b7,12,12,0,0,0,False,False,True,False,0
A-b7ef83,15,14,1,0,0,False,False,False,True,2
A-b9eed8,11,11,0,0,0,False,False,False,True,1
A-b9f5b1,7,6,1,0,0,False,False,False,True,1
A-ba6516,13,13,0,0,0,False,False,False,True,1
A-bad8c1,7,7,0,0,0,False,False,False,True,1
A-bb1486,8,7,1,0,0,False,False,False,True,2
A-bb1eaa,5,5,0,0,0,False,False,False,True,1
A-bb2f49,11,10,1,0,0,False,False,False,False,0
A-bb3bd4,7,7,0,0,0,False,False,False,True,2
A-bbc346,13,11,2,0,0,False,False,False,True,2
A-bbe56f,5,5,0,0,0,False,False,False,False,0
A-bc4d48,7,7,0,0,0,False,False,False,False,0
A-bc87bc,8,6,2,0,0,False,False,False,False,0
A-bcbe98,11,11,0,0,0,False,False,False,True,1
A-bcf664,13,12,1,0,0,False,False,False,True,3
A-bcf87c,11,9,2,0,0,False,False,True,False,0
A-bd4513,12,10,2,0,0,False,False,False,True,2
A-bd4708,13,13,0,0,0,False,False,False,False,0
A-bece89,6,6,0,0,0,False,False,False,True,2
A-bf7919,6,5,1,0,0,False,False,False,True,2
A-c16101,10,10,0,0,0,False,False,False,True,2
A-c16b88,9,8,1,0,0,False,False,False,True,1
A-c16cf7,10,9,1,0,0,False,False,False,True,2
A-c1dfe1,8,7,1,0,0,False,False,False,True,2
A-c1e51e,10,7,3,0,0,False,False,False,True,2
A-c222ab,7,6,1,0,0,False,False,True,True,3
A-c37601,12,10,2,0,0,False,False,False,True,1
A-c37cab,12,10,2,0,0,False,False,False,True,2
A-c42f1f,8,7,1,0,0,False,False,False,False,0
A-c43359,8,6,2,0,0,False,False,False,True,2
A-c45b23,12,11,1,0,0,False,False,False,True,1
A-c4ea60,9,9,0,0,0,False,False,True,False,0
A-c58f49,7,7,0,0,0,False,False,False,True,3
A-c608c8,8,7,1,0,0,False,False,True,True,1
A-c62e55,9,9,0,0,0,False,False,False,False,0
A-c70870,7,7,0,0,0,False,False,False,True,1
A-c7e58b,7,7,0,0,0,False,False,False,False,0
A-c7ffc2,12,12,0,0,0,False,False,False,True,2
A-c9bb3e,10,9,1,1,23,False,False,False,True,2
A-cab532,15,14,1,0,0,False,False,False,True,1
A-cb5333,16,15,1,0,0,False,False,False,True,1
A-cb6cc6,7,7,0,0,0,False,False,False,False,0
A-cbbe12,6,4,2,0,0,False,False,False,False,0
A-cbd1a3,10,10,0,0,0,False,False,True,False,0
A-cc102e,10,9,1,0,0,False,False,False,True,3
A-cc1d8d,13,13,0,0,0,False,False,False,True,2
A-cc8c8f,7,6,1,0,0,False,False,False,True,1
A-cc98bc,10,9,1,0,0,False,False,False,False,0
A-ccabf0,10,8,2,0,0,False,False,False,True,2
A-ccb686,12,11,1,0,0,False,False,False,True,3
A-ccc747,6,5,1,0,0,False,False,True,True,3
A-cd458b,15,14,1,0,0,False,False,False,True,1
A-cdf020,8,5,3,0,0,False,False,False,True,2
A-ce550d,9,7,2,0,0,False,False,True,True,1
A-ce66f8,6,6,0,0,0,False,False,False,False,0
A-cea1f0,10,10,0,0,0,False,False,True,False,0
A-ced9aa,11,9,2,0,0,False,False,False,False,0
A-d26ab4,9,8,1,0,0,False,False,True,True,1
A-d27f50,12,9,3,0,0,False,False,False,False,0
A-d3c88e,13,13,0,0,0,False,False,False,True,1
A-d40bf7,10,10,0,0,0,False,False,False,False,0
A-d42431,9,8,1,0,0,False,False,False,True,2
A-d49cc5,8,8,0,0,0,False,False,False,True,1
A-d4ac0e,19,18,1,0,0,False,False,False,False,0
A-d4e0d4,10,9,1,0,0,False,False,False,False,0
A-d535f6,9,9,0,0,0,False,False,True,True,2
A-d5a319,12,12,0,0,0,False,False,True,False,0
A-d62e02,10,10,0,0,0,False,False,False,False,0
A-d77f4c,14,12,2,0,0,False,False,False,True,3
A-d792a6,15,14,1,0,0,False,False,False,True,2
A-d82ef9,14,13,1,0,0,False,False,True,True,1
A-d922bf,7,6,1,0,0,False,False,True,True,1
A-db5e9e,8,7,1,0,0,False,False,False,True,1
A-dbc825,16,12,4,0,0,False,False,False,True,2
A-dcc2f0,15,14,1,0,0,False,False,False,True,1
A-dcc3f1,8,8,0,0,0,False,False,False,True,2
A-de24d5,13,12,1,0,0,False,False,False,False,0
A-de58ca,11,9,2,0,0,False,False,False,False,0
A-dec005,10,9,1,0,0,False,False,False,True,1
A-df10db,11,10,1,0,0,False,False,False,True,2
A-df1e44,11,10,1,0,0,False,False,False,True,2
A-dfbd31,14,14,0,0,0,False,False,False,True,2
A-e08cd3,11,10,1,0,0,False,False,False,True,2
A-e1462e,7,7,0,0,0,False,False,False,True,2
A-e19ff6,12,12,0,0,0,False,False,False,True,3
A-e1b9cd,15,12,3,0,0,False,False,True,True,1
A-e2cd1b,9,9,0,0,0,False,False,False,False,0
A-e351e1,5,4,1,0,0,False,False,False,True,3
A-e36807,10,9,1,0,0,False,False,False,False,0
A-e3bd71,11,10,1,0,0,False,False,False,True,1
A-e40f45,7,6,1,0,0,False,False,False,True,1
A-e4144b,10,10,0,0,0,False,False,False,False,0
A-e43bf7,7,7,0,0,0,False,False,False,True,1
A-e4bf56,7,6,1,0,0,False,False,True,False,0
A-e51ec7,8,7,1,0,0,False,False,False,True,3
A-e5d6ab,10,9,1,0,0,False,False,False,True,2
A-e60f9d,15,13,2,0,0,False,False,False,False,0
A-e61e98,9,9,0,0,0,False,False,True,True,1
A-e693b6,12,10,2,0,0,False,False,True,True,1
A-e6afc1,11,11,0,0,0,False,False,False,False,0
A-e7a1e2,12,11,1,0,0,False,False,False,True,3
A-e7beab,7,4,3,0,0,False,False,False,True,1
A-e83938,8,8,0,0,0,False,False,True,True,3
A-e888d1,11,9,2,0,0,False,False,False,True,3
A-e89151,9,7,2,0,0,False,False,True,False,0
A-e98302,6,5,1,0,0,False,False,False,False,0
A-eafc6e,7,7,0,0,0,False,False,True,True,2
A-eb1312,12,11,1,0,0,False,False,False,True,2
A-eb2fdc,12,11,1,0,0,False,False,True,True,1
A-eb7c38,15,11,4,0,0,False,False,False,True,1
A-eb7fac,10,9,1,0,0,False,False,False,True,1
A-ed510f,10,9,1,0,0,False,False,False,True,1
A-ee42db,12,12,0,0,0,False,False,False,True,4
A-ef84cf,5,4,1,0,0,False,False,False,True,3
A-f03140,10,10,0,0,0,False,False,False,True,1
A-f17767,14,12,2,0,0,False,False,True,True,1
A-f19409,12,11,1,0,0,False,False,True,True,2
A-f19b24,3,3,0,0,0,False,False,False,False,0
A-f1f639,4,4,0,0,0,False,False,False,True,2
A-f25509,5,5,0,0,0,False,False,False,True,3
A-f3ff05,13,12,1,0,0,False,False,False,True,1
A-f44180,11,9,2,0,0,False,False,False,True,1
A-f446b6,9,8,1,0,0,False,False,False,False,0
A-f45426,11,9,2,0,0,False,False,False,True,2
A-f51f16,8,7,1,0,0,False,False,False,True,2
A-f5641b,10,9,1,0,0,False,False,False,True,2
A-f6b2fb,10,8,2,0,0,False,False,False,True,1
A-f92792,14,14,0,0,0,False,False,False,True,1
A-f97b9a,11,11,0,0,0,False,False,False,False,0
A-f9cc74,10,9,1,0,0,False,False,False,False,0
A-fa2041,12,12,0,0,0,False,False,False,True,1
A-fa3095,12,12,0,0,0,False,False,False,True,1
A-faa28c,14,12,2,0,0,False,False,False,True,2
A-fabe19,7,5,2,0,0,False,False,False,False,0
A-fb186e,3,3,0,0,0,False,False,False,False,0
A-fce879,5,5,0,0,0,False,False,True,True,2
A-fd7ad3,10,8,2,0,0,False,False,False,True,4
A-fd9422,9,8,1,0,0,False,False,False,False,0
A-fda07f,12,12,0,0,0,False,False,False,True,1
A-fdfc91,10,9,1,0,0,False,False,False,False,0
A-fe79a5,10,8,2,0,0,False,False,False,False,0
A-ff3c73,9,8,1,0,0,False,False,False,True,2
A-ff79f2,9,7,2,0,0,False,False,True,False,0
A-ffc04f,15,13,2,0,0,False,False,False,True,1
A-ffdfd5,10,9,1,0,0,False,False,True,True,1
