attribute,level,records,ended,p_end,chi2_p_value_attribute
plan_tier,Basic,1602,152,0.09488139825218476,0.8878105515399826
plan_tier,Enterprise,1723,172,0.09982588508415555,0.8878105515399826
plan_tier,Pro,1675,162,0.09671641791044776,0.8878105515399826
billing_frequency,annual,2461,247,0.1003657049979683,0.48629344623107196
billing_frequency,monthly,2539,239,0.09413154785348563,0.48629344623107196
is_trial,False,4222,408,0.09663666508763619,0.8046006288770786
is_trial,True,778,78,0.10025706940874037,0.8046006288770786
auto_renew_flag,False,995,96,0.0964824120603015,0.9795849835492156
auto_renew_flag,True,4005,390,0.09737827715355805,0.9795849835492156
upgrade_flag,False,4471,440,0.09841198836949229,0.44519036652611144
upgrade_flag,True,529,46,0.08695652173913043,0.44519036652611144
downgrade_flag,False,4782,461,0.09640317858636553,0.4389702342364725
downgrade_flag,True,218,25,0.11467889908256881,0.4389702342364725
account_churn_flag,False,3868,370,0.09565667011375388,0.5326647377840694
account_churn_flag,True,1132,116,0.10247349823321555,0.5326647377840694
