family,outcome,variable,p_value,n_pos,n_neg,effect_smd_or_cramers_v,note,q_value_global_bh
ACCOUNT_ALL_HISTORY,churn_flag,tenure_days,0.05854795482564179,110.0,390.0,0.19958056486478626,,0.9975662063078934
ACCOUNT_SEGMENT,churn_flag,industry,0.06567465981750352,,,0.13283951153566953,min_expected=17.4,0.9975662063078934
ACCOUNT_SEGMENT,churn_flag,referral_source,0.07935639594437033,,,0.12927921706120557,min_expected=19.6,0.9975662063078934
ACCOUNT_ALL_HISTORY,has_churn_event,urgent_share,0.08361695865756594,347.0,145.0,-0.22797105568031917,,0.9975662063078934
SUPPORT_TICKET,churn_flag,first_response_time_minutes,0.093775848535593,432.0,1568.0,-0.09224375224562223,ticket grain; descriptive,0.9975662063078934
ACCOUNT_ALL_HISTORY,churn_flag,first_response_min,0.10296049629654055,108.0,384.0,-0.16739299310731864,,0.9975662063078934
ACCOUNT_SEGMENT,has_churn_event,referral_source,0.1427243186661575,,,0.11724787602136305,min_expected=26.3,0.9975662063078934
ACCOUNT_ALL_HISTORY,has_churn_event,upgrade_share,0.14826187555340398,352.0,148.0,0.1257509653021564,,0.9975662063078934
ACCOUNT_ALL_HISTORY,churn_flag,urgent_share,0.1647312902997271,108.0,384.0,-0.1212393619671175,,0.9975662063078934
ACCOUNT_ALL_HISTORY,has_churn_event,features,0.19641732161581138,352.0,148.0,0.08773039988016099,,0.9975662063078934
REASON_CODE,reason_code,industry,0.198894575758889,,,0.10219795315223112,min_expected=15.0,0.9975662063078934
OUTCOME_COHERENCE,churn_flag,ended_subscriptions,0.202755331838964,110.0,390.0,0.10919999872165391,,0.9975662063078934
ACCOUNT_ALL_HISTORY,churn_flag,mrr_median,0.2031811747028558,110.0,390.0,-0.08953298372611505,,0.9975662063078934
ACCOUNT_ALL_HISTORY,churn_flag,usage_count,0.20585894382071646,110.0,390.0,0.15404384511123814,,0.9975662063078934
ACCOUNT_ALL_HISTORY,has_churn_event,escalations,0.21608111471249325,352.0,148.0,0.09445952348748972,,0.9975662063078934
ACCOUNT_ALL_HISTORY,churn_flag,features,0.21658723589339746,110.0,390.0,0.16920979146550474,,0.9975662063078934
ACCOUNT_ALL_HISTORY,churn_flag,usage_rows,0.221456752573569,110.0,390.0,0.1521803499818824,,0.9975662063078934
PRODUCT_ALL_HISTORY,SUBSCRIPTION_END,duration,0.2509747992998477,483.0,4484.0,-0.052805824514831505,no temporal filter: falsification (leakage allowed),0.9975662063078934
ACCOUNT_ALL_HISTORY,churn_flag,n_subs,0.2920287341872929,110.0,390.0,0.11563097690791528,,0.9975662063078934
SUBSCRIPTION_INTERACTION,SUBSCRIPTION_END,plan_tier x billing_frequency,0.31452081867932913,,,0.03439643611847527,min_expected=76.6,0.9975662063078934
ACCOUNT_ALL_HISTORY,churn_flag,trial_share,0.326242669011804,110.0,390.0,0.06892022953050947,,0.9975662063078934
ACCOUNT_ALL_HISTORY,churn_flag,tickets,0.34185440027435166,110.0,390.0,-0.04745563360641147,,0.9975662063078934
PRODUCT_ALL_HISTORY,SUBSCRIPTION_END,usage_rows,0.3568191387539441,483.0,4484.0,-0.06224055231831851,no temporal filter: falsification (leakage allowed),0.9975662063078934
ACCOUNT_ALL_HISTORY,has_churn_event,downgrade_share,0.369473002623127,352.0,148.0,0.09654789444937598,,0.9975662063078934
REASON_CODE,reason_code,tickets,0.37391527817367176,600.0,0.0,,Kruskal,0.9975662063078934
ACCOUNT_ALL_HISTORY,has_churn_event,mrr_total,0.37732426910093175,352.0,148.0,0.004512246079838822,,0.9975662063078934
ACCOUNT_SEGMENT,churn_flag,is_trial,0.3882857671584188,,,0.03858247208662129,min_expected=21.3,0.9975662063078934
PRODUCT_ALL_HISTORY,SUBSCRIPTION_END,features,0.3907480732776203,483.0,4484.0,-0.05537036471743269,no temporal filter: falsification (leakage allowed),0.9975662063078934
ACCOUNT_ALL_HISTORY,churn_flag,escalations,0.39889357599163366,110.0,390.0,0.08511923635575624,,0.9975662063078934
ACCOUNT_ALL_HISTORY,has_churn_event,mrr_median,0.4138764127724819,352.0,148.0,0.12267082682909154,,0.9975662063078934
ACCOUNT_INTERACTION,churn_flag,industry x plan_tier,0.4436392535210095,,,0.16781978493252458,min_expected=5.3,0.9975662063078934
ACCOUNT_ALL_HISTORY,has_churn_event,seats,0.44409152251434314,352.0,148.0,0.01703585956694738,,0.9975662063078934
ACCOUNT_ALL_HISTORY,has_churn_event,trial_share,0.46282029149110315,352.0,148.0,-0.07763217036947942,,0.9975662063078934
ACCOUNT_ALL_HISTORY,has_churn_event,errors,0.470255403324502,352.0,148.0,0.05023072968280255,,0.9975662063078934
REASON_COHERENCE,reason=support,csat_mean,0.48523020890321455,101.0,463.0,-0.06868575331305937,,0.9975662063078934
SUPPORT_TICKET,churn_flag,satisfaction_score,0.4891534030236965,260.0,915.0,0.048339188393800456,ticket grain; descriptive,0.9975662063078934
PRODUCT_ALL_HISTORY,SUBSCRIPTION_END,usage_count,0.5103602992532967,483.0,4484.0,-0.056713577372444715,no temporal filter: falsification (leakage allowed),0.9975662063078934
SUPPORT_TICKET,churn_flag,csat_missing (NO_RESPONSE vs responded),0.5292462710841417,,,0.014068378402203973,min_expected=178.2,0.9975662063078934
ACCOUNT_ALL_HISTORY,has_churn_event,csat_missing_share,0.5348808153322827,347.0,145.0,0.03568375031587522,,0.9975662063078934
ACCOUNT_ALL_HISTORY,churn_flag,csat_mean,0.5403207411732884,102.0,364.0,0.0867214090378149,,0.9975662063078934
REASON_CODE,reason_code,errors,0.5445136856169193,600.0,0.0,,Kruskal,0.9975662063078934
PRODUCT_ALL_HISTORY,SUBSCRIPTION_END,errors,0.5952750295472966,483.0,4484.0,-0.025761550095860588,no temporal filter: falsification (leakage allowed),0.9975662063078934
REASON_CODE,reason_code,calendar_quarter,0.6225054482759915,,,0.10298577403687144,min_expected=0.9,0.9975662063078934
ACCOUNT_ALL_HISTORY,has_churn_event,tickets,0.6245949490959579,352.0,148.0,-0.06415819831936483,,0.9975662063078934
ACCOUNT_ALL_HISTORY,churn_flag,mrr_total,0.6316997968113588,110.0,390.0,-0.09928191787977635,,0.9975662063078934
ACCOUNT_SEGMENT,has_churn_event,country,0.6398918626074057,,,0.09243602175280757,min_expected=6.5,0.9975662063078934
ACCOUNT_ALL_HISTORY,has_churn_event,usage_rows,0.6573787953608965,352.0,148.0,0.05125554960860776,,0.9975662063078934
ACCOUNT_SEGMENT,churn_flag,country,0.658801048683201,,,0.09090796837198577,min_expected=4.8,0.9975662063078934
PRODUCT_ALL_HISTORY,SUBSCRIPTION_END,error_rate,0.6655294886277737,483.0,4484.0,-0.04738218621859877,no temporal filter: falsification (leakage allowed),0.9975662063078934
REASON_COHERENCE,reason=pricing|budget,mrr_total,0.6760624716721021,195.0,405.0,-0.040631063045203065,,0.9975662063078934
ACCOUNT_ALL_HISTORY,has_churn_event,usage_count,0.6866178044728035,352.0,148.0,0.04714558718730615,,0.9975662063078934
SUPPORT_TICKET,has_churn_event,csat_missing (NO_RESPONSE vs responded),0.6878872342919671,,,0.008982819455492126,min_expected=249.6,0.9975662063078934
ACCOUNT_ALL_HISTORY,churn_flag,seats,0.6919178580020775,110.0,390.0,-0.08418776402265354,,0.9975662063078934
ACCOUNT_ALL_HISTORY,has_churn_event,n_subs,0.7026694350264397,352.0,148.0,0.023767811874750397,,0.9975662063078934
SUPPORT_TICKET,has_churn_event,resolution_time_hours,0.7036321412093297,1395.0,605.0,-0.01818980531991248,ticket grain; descriptive,0.9975662063078934
ACCOUNT_SEGMENT,has_churn_event,plan_tier,0.7125208662003093,,,0.036820976704752637,min_expected=45.6,0.9975662063078934
ACCOUNT_ALL_HISTORY,churn_flag,resolution_h,0.7167861952966362,108.0,384.0,-0.08213932802556613,,0.9975662063078934
ACCOUNT_ALL_HISTORY,churn_flag,downgrade_share,0.72683711156159,110.0,390.0,-0.049866614575263375,,0.9975662063078934
PRODUCT_ALL_HISTORY,SUBSCRIPTION_END,beta_share,0.7441391778239834,483.0,4484.0,0.031933675626297446,no temporal filter: falsification (leakage allowed),0.9975662063078934
REASON_CODE,reason_code,plan_tier,0.7512059053847018,,,0.07485619227481302,min_expected=27.3,0.9975662063078934
REASON_CODE,reason_code,csat_mean,0.7613903277580826,600.0,0.0,,Kruskal,0.9975662063078934
ACCOUNT_INTERACTION,churn_flag,plan_tier x referral_source,0.7735226946389939,,,0.14031144482905739,min_expected=5.1,0.9975662063078934
ACCOUNT_ALL_HISTORY,has_churn_event,first_response_min,0.7829837263984761,347.0,145.0,0.02580546714456413,,0.9975662063078934
ACCOUNT_SEGMENT,has_churn_event,industry,0.7845838120465712,,,0.05888495452484117,min_expected=23.4,0.9975662063078934
REASON_CODE,reason_code,refund_amount_usd,0.78604805701336,600.0,0.0,,Kruskal,0.9975662063078934
ACCOUNT_ALL_HISTORY,churn_flag,errors,0.7953437679377273,110.0,390.0,-0.006434056409637606,,0.9975662063078934
REASON_COHERENCE,reason=support,tickets,0.8152245142236616,104.0,496.0,-0.007676801717495528,,0.9975662063078934
SUPPORT_TICKET,churn_flag,resolution_time_hours,0.8235920198340704,432.0,1568.0,-0.011978668587691439,ticket grain; descriptive,0.9975662063078934
ACCOUNT_ALL_HISTORY,has_churn_event,csat_mean,0.8278463514886745,330.0,136.0,-0.015280634497271836,,0.9975662063078934
ACCOUNT_ALL_HISTORY,churn_flag,csat_missing_share,0.8373126189122283,108.0,384.0,-0.025712846567394445,,0.9975662063078934
ACCOUNT_SEGMENT,has_churn_event,is_trial,0.8452149740234396,,,0.008730832214014887,min_expected=28.7,0.9975662063078934
ACCOUNT_ALL_HISTORY,has_churn_event,autorenew_share,0.8501490025051079,352.0,148.0,0.02858155538757077,,0.9975662063078934
ACCOUNT_ALL_HISTORY,churn_flag,autorenew_share,0.8550079716342807,110.0,390.0,0.018971211245201854,,0.9975662063078934
SUPPORT_TICKET,has_churn_event,first_response_time_minutes,0.8635974351578208,1395.0,605.0,0.008660593611087146,ticket grain; descriptive,0.9975662063078934
ACCOUNT_ALL_HISTORY,has_churn_event,resolution_h,0.8756408791258521,347.0,145.0,-0.000989357954780807,,0.9975662063078934
ACCOUNT_ALL_HISTORY,churn_flag,annual_share,0.8830371799759135,110.0,390.0,-0.024759274808109192,,0.9975662063078934
ACCOUNT_ALL_HISTORY,churn_flag,upgrade_share,0.8922007619672535,110.0,390.0,-0.027756271356475695,,0.9975662063078934
SUBSCRIPTION_INTERACTION,SUBSCRIPTION_END,billing_frequency x auto_renew_flag,0.8942024200053111,,,0.011042873868084693,min_expected=47.7,0.9975662063078934
REASON_CODE,reason_code,seats,0.9048470199812122,600.0,0.0,,Kruskal,0.9975662063078934
ACCOUNT_INTERACTION,churn_flag,plan_tier x is_trial,0.9302153568305931,,,0.051868569946754366,min_expected=5.5,0.9975662063078934
ACCOUNT_ALL_HISTORY,has_churn_event,tenure_days,0.9338014448966865,352.0,148.0,0.00024321486339072616,,0.9975662063078934
REASON_CODE,reason_code,mrr_total,0.9342858948746736,600.0,0.0,,Kruskal,0.9975662063078934
SUPPORT_TICKET,has_churn_event,satisfaction_score,0.9574778057863259,815.0,360.0,-0.0036513841260274954,ticket grain; descriptive,0.9975662063078934
ACCOUNT_ALL_HISTORY,has_churn_event,annual_share,0.9769641243316675,352.0,148.0,-0.012909569890079237,,0.9975662063078934
SUBSCRIPTION_INTERACTION,SUBSCRIPTION_END,plan_tier x is_trial,0.9774993085097686,,,0.012590928905168162,min_expected=23.9,0.9975662063078934
OUTCOME_COHERENCE,churn_flag,n_churn_events,0.9816291765923991,110.0,390.0,0.03220767649340799,,0.9975662063078934
REASON_COHERENCE,reason=features,errors,0.983469865485498,114.0,486.0,0.002734436010711891,,0.9975662063078934
REASON_CODE,reason_code,feedback_text,0.9863575972482541,,,0.05552743605311077,min_expected=20.6,0.9975662063078934
ACCOUNT_SEGMENT,churn_flag,plan_tier,0.9992809971620159,,,0.0016961856555120906,min_expected=33.9,0.9992809971620159
